id,name,fullName,insCode,stockType,instrumentId,cisin,lSecVal,cSecVal,created_date,cSecValReal,Holding
542,شغدیر,پتروشیمی غدیر,2.18E+16,300,IRO1PGDR0001,IRO1PGDR0001,محصولات شيميايي,44,2023-08-31T05:41:54.626Z,44,0
625,زنگان,صنعت روی زنگان,6.72E+16,303,IRO3ZAGZ0001,IRO3ZAGZ0000,فلزات اساسي,27,2023-08-31T05:42:00.398Z,27,0
776,پاکشو,گروه صنعتی پاکشو,6.28E+16,300,IRO1PASH0001,IRO1PASH0002,محصولات شيميايي,44,2023-08-31T05:42:10.586Z,44,0
491,ورازی,بیمه رازی,6.01E+16,309,IRO7RZIP0001,IRO7RZIP0007,بيمه وصندوق بازنشستگي به جزتامين اجتماعي,66,2023-08-31T05:41:51.251Z,66,0
493,سپ,پرداخت الکترونیک سامان کیش,7.19E+16,300,IRO1SEPK0001,IRO1SEPK0003,رايانه و فعاليت‌هاي وابسته به آن,72,2023-08-31T05:41:51.391Z,72,0
495,سکرد,سیمان کردستان,6.53E+16,300,IRO1SKOR0001,IRO1SKOR0009,"سيمان، آهك و گچ",53,2023-08-31T05:41:51.535Z,53,0
497,زماهان,مجتمع تولید گوشت مرغ ماهان,4.51E+15,303,IRO3MACZ0001,IRO3MACZ0009,زراعت و خدمات وابسته,1,2023-08-31T05:41:51.655Z,1,0
499,بترانس,ایران‌ ترانسفو,4.68E+16,300,IRO1TRNS0001,IRO1TRNS0001,ماشين آلات و دستگاه‌هاي برقي,31,2023-08-31T05:41:51.771Z,31,0
501,سهرمز,سیمان‌هرمزگان‌,2.97E+16,300,IRO1SHZG0001,IRO1SHZG0004,"سيمان، آهك و گچ",53,2023-08-31T05:41:51.917Z,53,0
503,شاوان,پالایش نفت لاوان,6.02E+16,303,IRO3PNLZ0001,IRO3PNLZ0000,"فراورده هاي نفتي، كك و سوخت هسته اي",23,2023-08-31T05:41:52.060Z,23,0
505,سنوین,سرمایه گذاری اقتصاد نوین,3.70E+16,309,IRO7IENP0001,IRO7IENP0006,سرمايه گذاريها,56,2023-08-31T05:41:52.200Z,56,0
513,گوهران,سرمایه گذاری توسعه گوهران امید,6.50E+16,303,IRO3GOMZ0001,IRO3GOMZ0009,سرمايه گذاريها,56,2023-08-31T05:41:52.741Z,56,0
523,ثشرق,سرمایه گذاری مسکن شمال شرق,6.04E+15,300,IRO1PMSZ0001,IRO1PMSZ0006,"انبوه سازي، املاك و مستغلات",70,2023-08-31T05:41:53.406Z,70,0
525,غگلستا,شیر پاستوریزه پگاه گلستان,6.48E+16,303,IRO3PGLZ0001,IRO3PGLZ0009,محصولات غذايي و آشاميدني به جز قند و شكر,42,2023-08-31T05:41:53.531Z,42,0
527,کیمیا,ص. معدنی کیمیای زنجان گستران,1.44E+16,300,IRO1KZGZ0001,IRO1KZGZ0000,فلزات اساسي,27,2023-08-31T05:41:53.646Z,27,0
529,فزرین,زرین معدن آسیا,4.37E+16,303,IRO3KZIZ0001,IRO3KZIZ0006,فلزات اساسي,27,2023-08-31T05:41:53.771Z,27,0
531,بسویچ,پارس‌سویچ‌,4.74E+16,300,IRO1SWIC0001,IRO1SWIC0000,ماشين آلات و دستگاه‌هاي برقي,31,2023-08-31T05:41:53.887Z,31,0
533,سپرمی,پرمیت‌,2.77E+16,309,IRO7PRMP0001,IRO7PRMP0003,ساير محصولات كاني غيرفلزي,54,2023-08-31T05:41:54.009Z,54,0
535,سکارون,سیمان کارون,1.59E+16,309,IRO7KACP0001,IRO7KACP0009,"سيمان، آهك و گچ",53,2023-08-31T05:41:54.147Z,53,0
537,کفپارس,فرآورده‌های نسوز پارس‌,1.95E+16,300,IRO1NSPS0001,IRO1NSPS0004,ساير محصولات كاني غيرفلزي,54,2023-08-31T05:41:54.265Z,54,0
539,سشرق,سیمان‌ شرق‌,2.70E+16,300,IRO1SSHR0001,IRO1SSHR0000,"سيمان، آهك و گچ",53,2023-08-31T05:41:54.425Z,53,0
496,های وب,داده گسترعصرنوین-های وب,4.34E+16,300,IRO1HWEB0001,IRO1HWEB0008,اطلاعات و ارتباطات,73,2023-08-31T05:41:51.595Z,73,0
498,نتوس,پشم‌ بافی توس,2.30E+16,309,IRO7PTOP0001,IRO7PTOP0009,منسوجات,17,2023-08-31T05:41:51.714Z,17,0
502,کرازی,کارخانجات‌تولیدیشیشه‌رازی,5.71E+16,300,IRO1TSRZ0001,IRO1TSRZ0007,ساير محصولات كاني غيرفلزي,54,2023-08-31T05:41:52.001Z,54,0
504,شکام,صنایع شیمیایی کیمیاگران امروز,6.94E+16,303,IRO3KICZ0001,IRO3KICZ0003,محصولات شيميايي,44,2023-08-31T05:41:52.120Z,44,0
508,بساما,بیمه سامان,4.16E+16,303,IRO3BSMZ0001,IRO3BSMZ0000,بيمه وصندوق بازنشستگي به جزتامين اجتماعي,66,2023-08-31T05:41:52.430Z,66,0
512,وجامی,سرمایه گذاری جامی,5.76E+16,309,IRO7JMIP0001,IRO7JMIP0002,سرمايه گذاريها,56,2023-08-31T05:41:52.655Z,56,0
514,کدما,معدنی دماوند,3.62E+15,300,IRO1DMVN0001,IRO1DMVN0009,استخراج كانه هاي فلزي,13,2023-08-31T05:41:52.823Z,13,0
520,ومهان,گروه توسعه مالی مهرآیندگان,4.70E+16,300,IRO1MEAZ0001,IRO1MEAZ0009,سرمايه گذاريها,56,2023-08-31T05:41:53.221Z,56,0
522,شرانل,نفت ایرانول,4.40E+16,303,IRO3NOLZ0001,IRO3NOLZ0001,"فراورده هاي نفتي، كك و سوخت هسته اي",23,2023-08-31T05:41:53.347Z,23,0
526,قهکمت,قندهکمتان‌,1.44E+16,300,IRO1GHEG0001,IRO1GHEG0003,قند و شكر,38,2023-08-31T05:41:53.588Z,38,0
530,ثنظام,س. ساختمانی نظام مهندسی ایران,4.51E+16,309,IRO7NZMP0001,IRO7NZMP0005,"انبوه سازي، املاك و مستغلات",70,2023-08-31T05:41:53.828Z,70,0
532,کرمان,س. توسعه و عمران استان کرمان,5.08E+16,303,IRO3KRMZ0001,IRO3KRMZ0000,"انبوه سازي، املاك و مستغلات",70,2023-08-31T05:41:53.950Z,70,0
540,نیرو,نیرو سرمایه,3.95E+16,309,IRO7NIRP0001,IRO7NIRP0001,ماشين آلات و دستگاه‌هاي برقي,31,2023-08-31T05:41:54.479Z,31,0
543,شکبیر,پتروشیمی امیرکبیر,5.66E+16,309,IRO7PKBP0001,IRO7PKBP0003,محصولات شيميايي,44,2023-08-31T05:41:54.684Z,44,0
545,پیزد,مجتمع صنایع لاستیک یزد,3.28E+16,303,IRO3YZTZ0001,IRO3YZTZ0007,لاستيك و پلاستيك,25,2023-08-31T05:41:54.825Z,25,0
547,کابگن,تولیدی و صنعتی آبگینه‌,1.07E+16,309,IRO7ABGP0001,IRO7ABGP0006,ساير محصولات كاني غيرفلزي,54,2023-08-31T05:41:54.940Z,54,0
549,فباهنر,مس‌ شهیدباهنر,6.68E+16,300,IRO1BAHN0001,IRO1BAHN0003,فلزات اساسي,27,2023-08-31T05:41:55.082Z,27,0
553,شپاکسا,پاکسان‌,1.16E+16,300,IRO1PAKS0001,IRO1PAKS0007,محصولات شيميايي,44,2023-08-31T05:41:55.315Z,44,0
557,فگستر,گسترش صنایع روی ایرانیان,8.73E+15,303,IRO3IZIZ0001,IRO3IZIZ0000,فلزات اساسي,27,2023-08-31T05:41:55.580Z,27,0
559,غشهداب,کشت و صنعت شهداب ناب خراسان,3.36E+16,303,IRO3SHHZ0001,IRO3SHHZ0001,محصولات غذايي و آشاميدني به جز قند و شكر,42,2023-08-31T05:41:55.722Z,42,0
561,غپآذر,شیر پگاه آذربایجان شرقی,4.55E+16,303,IRO3GHPZ0001,IRO3GHPZ0005,محصولات غذايي و آشاميدني به جز قند و شكر,42,2023-08-31T05:41:55.833Z,42,0
565,شبهرن,نفت‌ بهران‌,2.27E+16,300,IRO1NBEH0001,IRO1NBEH0009,"فراورده هاي نفتي، كك و سوخت هسته اي",23,2023-08-31T05:41:56.131Z,23,0
575,تایرا,تراکتورسازیایران‌,1.93E+16,300,IRO1TRIR0001,IRO1TRIR0009,ماشين آلات و تجهيزات,29,2023-08-31T05:41:56.733Z,29,0
577,ثامان,سامان‌ گستراصفهان‌,6.65E+16,300,IRO1SGOS0001,IRO1SGOS0004,"انبوه سازي، املاك و مستغلات",70,2023-08-31T05:41:56.871Z,70,0
579,حآفرین,ریل پرداز نو آفرین,2.14E+16,303,IRO3RPAZ0001,IRO3RPAZ0009,"حمل ونقل، انبارداري و ارتباطات",60,2023-08-31T05:41:57.022Z,60,0
587,فرابورس,فرابورس ایران,5.87E+16,303,IRO3FRBZ0001,IRO3FRBZ0000,فعاليتهاي كمكي به نهادهاي مالي واسط,67,2023-08-31T05:41:57.607Z,94,0
591,تملت,تامین سرمایه بانک ملت,1.11E+16,300,IRO1TMLT0001,IRO1TMLT0007,فعاليتهاي كمكي به نهادهاي مالي واسط,67,2023-08-31T05:41:57.926Z,67,0
597,دعبید,لابراتوارداروسازی  دکترعبیدی,4.91E+16,300,IRO1ABDI0001,IRO1ABDI0004,مواد و محصولات دارويي,43,2023-08-31T05:41:58.356Z,43,0
599,دسبحان,سبحان دارو,5.87E+15,300,IRO1DSBH0001,IRO1DSBH0005,مواد و محصولات دارويي,43,2023-08-31T05:41:58.479Z,43,0
601,وبرق,س.کارکنان صنعت برق زنجان وقزوی,6.13E+16,309,IRO7SEIP0001,IRO7SEIP0001,سرمايه گذاريها,56,2023-08-31T05:41:58.604Z,56,0
607,سدشت,صنایع سیمان دشتستان,2.70E+16,300,IRO1SDST0001,IRO1SDST0002,"سيمان، آهك و گچ",53,2023-08-31T05:41:59.066Z,53,0
613,قاسم,قاسم ایران,3.45E+16,303,IRO3GASZ0001,IRO3GASZ0009,"خرده فروشي،باستثناي وسايل نقليه موتوري",47,2023-08-31T05:41:59.531Z,47,0
615,سیستم,همکاران سیستم,4.77E+16,300,IRO1SYSM0001,IRO1SYSM0004,رايانه و فعاليت‌هاي وابسته به آن,72,2023-08-31T05:41:59.656Z,72,0
617,کصدف,کاشی صدف سرام استقلال آباده,4.27E+16,309,IRO7KSDP0001,IRO7KSDP0008,كاشي و سراميك,49,2023-08-31T05:41:59.766Z,49,0
619,سخواف,سیمان مجد خواف,5.60E+16,309,IRO7SEKP0001,IRO7SEKP0007,"سيمان، آهك و گچ",53,2023-08-31T05:41:59.927Z,53,0
621,کورز,ورزیران‌,4.20E+16,309,IRO7VARP0001,IRO7VARP0009,ساير محصولات كاني غيرفلزي,54,2023-08-31T05:42:00.070Z,54,0
623,خگستر,گسترش‌سرمایه‌گذاریایران‌خودرو,4.90E+16,300,IRO1GOST0001,IRO1GOST0003,خودرو و ساخت قطعات,34,2023-08-31T05:42:00.251Z,56,0
546,واتی,سرمایه‌ گذاری آتیه‌ دماوند,3.35E+16,300,IRO1ATDM0001,IRO1ATDM0008,سرمايه گذاريها,56,2023-08-31T05:41:54.883Z,56,0
552,همراه,شرکت ارتباطات سیار ایران,6.86E+16,300,IRO1HMRZ0001,IRO1HMRZ0007,مخابرات,64,2023-08-31T05:41:55.257Z,64,0
556,سبزوا,سیمان لار سبزوار,6.12E+14,303,IRO3SBZZ0001,IRO3SBZZ0005,"سيمان، آهك و گچ",53,2023-08-31T05:41:55.493Z,53,0
558,خبهمن2,گروه‌بهمن‌,2.31E+16,300,IRO1BHMN0002,IRO1BHMN0009,خودرو و ساخت قطعات,34,2023-08-31T05:41:55.639Z,34,0
564,ریشمک,تولید و صادرات ریشمک,6.48E+15,303,IRO3RPEZ0001,IRO3RPEZ0005,مواد و محصولات دارويي,43,2023-08-31T05:41:56.064Z,43,0
570,نمرینو,ایران‌ مرینوس‌,3.02E+16,300,IRO1MRIN0001,IRO1MRIN0000,منسوجات,17,2023-08-31T05:41:56.432Z,17,0
572,غدام,خوراک‌  دام‌ پارس‌,2.25E+15,300,IRO1KDPS0001,IRO1KDPS0004,محصولات غذايي و آشاميدني به جز قند و شكر,42,2023-08-31T05:41:56.564Z,42,0
582,بوعلی,پتروشیمی بوعلی سینا,5.02E+16,300,IRO1BONA0001,IRO1BONA0004,محصولات شيميايي,44,2023-08-31T05:41:57.244Z,44,0
584,نبروج,نساجی بروجرد,1.08E+16,309,IRO7BRTP0001,IRO7BRTP0002,منسوجات,17,2023-08-31T05:41:57.418Z,17,0
586,فسپا,گروه‌صنعتیسپاهان‌,8.98E+15,300,IRO1SEPA0001,IRO1SEPA0005,فلزات اساسي,27,2023-08-31T05:41:57.533Z,27,0
592,زنجان,صنایع کشاورزی وکود زنجان,1.23E+16,309,IRO7ZNJP0001,IRO7ZNJP0000,محصولات شيميايي,44,2023-08-31T05:41:57.983Z,44,0
596,وآفری,بیمه کارآفرین,5.90E+14,300,IRO1KARP0001,IRO1KARP0008,بيمه وصندوق بازنشستگي به جزتامين اجتماعي,66,2023-08-31T05:41:58.296Z,66,0
598,شپارس,بین‌ المللی محصولات‌  پارس‌,6.11E+16,300,IRO1BMPS0001,IRO1BMPS0004,محصولات شيميايي,44,2023-08-31T05:41:58.416Z,44,0
602,ولشرق,لیزینگ ایران و شرق,3.11E+16,303,IRO3ISLZ0001,IRO3ISLZ0004,ساير واسطه گريهاي مالي,58,2023-08-31T05:41:58.667Z,58,0
604,تکنو,تکنوتار,3.65E+15,300,IRO1TKNO0001,IRO1TKNO0002,ماشين آلات و تجهيزات,29,2023-08-31T05:41:58.815Z,29,0
606,وسالت,بانک قرض الحسنه رسالت,2.32E+16,309,IRO7SALP0001,IRO7SALP0000,بانكها و موسسات اعتباري,57,2023-08-31T05:41:58.932Z,57,0
608,آپ,آسان پرداخت پرشین,5.53E+16,300,IRO1APPE0001,IRO1APPE0008,رايانه و فعاليت‌هاي وابسته به آن,72,2023-08-31T05:41:59.148Z,72,0
612,وخارزم2,سرمایه گذاری خوارزمی,6.09E+16,300,IRO1IKHR0002,IRO1IKHR0000,سرمايه گذاريها,56,2023-08-31T05:41:59.443Z,56,0
614,کشرق,صنعتی و معدنی شمال شرق شاهرود,4.27E+16,303,IRO3KSGZ0001,IRO3KSGZ0007,استخراج زغال سنگ,10,2023-08-31T05:41:59.588Z,10,0
620,وتوصا,گروه س توسعه صنعتی ایران,2.94E+15,300,IRO1TOSA0001,IRO1TOSA0009,سرمايه گذاريها,56,2023-08-31T05:42:00.017Z,56,0
624,شفن,پتروشیمی فناوران,6.51E+16,300,IRO1PFAN0001,IRO1PFAN0009,محصولات شيميايي,44,2023-08-31T05:42:00.310Z,44,0
628,فولاژ,فولاد آلیاژی ایران,4.08E+16,300,IRO1FAIR0001,IRO1FAIR0004,فلزات اساسي,27,2023-08-31T05:42:00.624Z,27,0
630,سمایه,بانک سرمایه,4.39E+16,309,IRO7IBKZ0001,IRO7IBKZ0000,بانكها و موسسات اعتباري,57,2023-08-31T05:42:00.762Z,57,0
627,میدکو,توسعه معادن وص.معدنی خاورمیانه,3.34E+16,300,IRO1MDKO0001,IRO1MDKO0001,فلزات اساسي,27,2023-08-31T05:42:00.555Z,56,0
629,دحاوی,الحاوی,4.34E+16,309,IRO7DHVP0001,IRO7DHVP0008,مواد و محصولات دارويي,43,2023-08-31T05:42:00.680Z,43,0
631,شتولی,تولیپرس‌,6.62E+16,309,IRO7TOPP0001,IRO7TOPP0009,محصولات شيميايي,44,2023-08-31T05:42:00.822Z,44,0
637,تاپکیش,تجارت الکترونیک پارسیان کیش,5.00E+16,303,IRO3KPEZ0001,IRO3KPEZ0002,رايانه و فعاليت‌هاي وابسته به آن,72,2023-08-31T05:42:01.214Z,72,0
641,زدشت,کشت و صنعت دشت خرم دره,2.52E+16,303,IRO3DKHZ0001,IRO3DKHZ0003,زراعت و خدمات وابسته,1,2023-08-31T05:42:01.544Z,1,0
645,سخوز,سیمان خوزستان,4.20E+16,300,IRO1KHOC0001,IRO1KHOC0009,"سيمان، آهك و گچ",53,2023-08-31T05:42:01.789Z,53,0
649,زشگزا,شیر و گوشت زاگرس شهرکرد,2.63E+16,303,IRO3ZMMZ0001,IRO3ZMMZ0008,زراعت و خدمات وابسته,1,2023-08-31T05:42:02.062Z,1,0
651,فملی,ملی صنایع‌ مس‌ ایران‌,3.54E+16,300,IRO1MSMI0001,IRO1MSMI0000,فلزات اساسي,27,2023-08-31T05:42:02.185Z,27,0
653,وزمین,بانک ایران زمین,2.00E+16,309,IRO7ZMNP0001,IRO7ZMNP0005,بانكها و موسسات اعتباري,57,2023-08-31T05:42:02.323Z,57,0
655,وسرمد,بیمه  سرمد,4.33E+16,309,IRO7SRMP0001,IRO7SRMP0000,بيمه وصندوق بازنشستگي به جزتامين اجتماعي,66,2023-08-31T05:42:02.438Z,66,0
659,زگلدشت,کشت و دام گلدشت نمونه اصفهان,1.00E+16,303,IRO3GDSZ0001,IRO3GDSZ0006,زراعت و خدمات وابسته,1,2023-08-31T05:42:02.762Z,1,0
663,گلدیرا,صنایع گلدیران,5.47E+16,303,IRO3GOIZ0001,IRO3GOIZ0005,ماشين آلات و تجهيزات,29,2023-08-31T05:42:03.033Z,29,0
665,بوعلی2,پتروشیمی بوعلی سینا,2.45E+16,300,IRO1BONA0002,IRO1BONA0004,محصولات شيميايي,44,2023-08-31T05:42:03.159Z,44,0
667,دشیری,شیرین دارو,6.31E+16,309,IRO7DSHP0001,IRO7DSHP0003,مواد و محصولات دارويي,43,2023-08-31T05:42:03.287Z,43,0
679,خعمرا,توسعه و عمران شهرستان نائین,6.43E+15,309,IRO7TONP0001,IRO7TONP0001,خودرو و ساخت قطعات,34,2023-08-31T05:42:04.060Z,34,0
681,وثنو,سرمایه گذاری ساختمانی نوین,4.50E+16,309,IRO7SNOP0001,IRO7SNOP0002,سرمايه گذاريها,56,2023-08-31T05:42:04.188Z,56,0
683,مارون,پتروشیمی مارون,5.34E+16,303,IRO3PMRZ0001,IRO3PMRZ0005,محصولات شيميايي,44,2023-08-31T05:42:04.308Z,44,0
685,خپویش,سازه‌ پویش‌,4.76E+15,300,IRO1SZPO0001,IRO1SZPO0004,خودرو و ساخت قطعات,34,2023-08-31T05:42:04.431Z,34,0
687,غبهار,کشت وصنعت بهاران گلبهار خراسان,7.17E+16,309,IRO7GKHP0001,IRO7GKHP0008,محصولات غذايي و آشاميدني به جز قند و شكر,42,2023-08-31T05:42:04.547Z,42,0
689,ساربیل,سیمان آرتا اردبیل,3.49E+16,300,IRO1SADB0001,IRO1SADB0002,"سيمان، آهك و گچ",53,2023-08-31T05:42:04.660Z,53,0
697,تکیمیا,تامین سرمایه کیمیا,6.66E+16,309,IRO7KYIZ0001,IRO7KYIZ0003,فعاليتهاي كمكي به نهادهاي مالي واسط,67,2023-08-31T05:42:05.137Z,67,0
699,بخاور,بیمه زندگی خاورمیانه,5.60E+15,303,IRO3MLIZ0001,IRO3MLIZ0000,بيمه وصندوق بازنشستگي به جزتامين اجتماعي,66,2023-08-31T05:42:05.291Z,66,0
705,نوری,پتروشیمی نوری,1.90E+16,300,IRO1NORI0001,IRO1NORI0008,محصولات شيميايي,44,2023-08-31T05:42:05.655Z,44,0
707,جم,پتروشیمی جم,3.24E+16,300,IRO1PJMZ0001,IRO1PJMZ0007,محصولات شيميايي,44,2023-08-31T05:42:05.772Z,44,0
709,پکرمان,گروه‌ صنعتی بارز,2.32E+16,300,IRO1BARZ0001,IRO1BARZ0007,لاستيك و پلاستيك,25,2023-08-31T05:42:05.921Z,25,0
711,سفاسی,شرکت فارسیت اهواز,3.47E+16,309,IRO7SFSP0001,IRO7SFSP0008,ساير محصولات كاني غيرفلزي,54,2023-08-31T05:42:06.050Z,54,0
634,وشهر,بانک شهر,4.14E+16,309,IRO7BSHP0001,IRO7BSHP0005,بانكها و موسسات اعتباري,57,2023-08-31T05:42:01.021Z,57,0
640,دسینا,داروسازی سینا,1.14E+16,300,IRO1DSIN0001,IRO1DSIN0000,مواد و محصولات دارويي,43,2023-08-31T05:42:01.457Z,43,0
642,پی پاد,پرداخت الکترونیک پاسارگاد,2.63E+16,300,IRO1PYPD0001,IRO1PYPD0001,رايانه و فعاليت‌هاي وابسته به آن,72,2023-08-31T05:42:01.604Z,72,0
644,فنرژی,گسترش صنایع انرژی آذرآب,6.40E+16,309,IRO7FNRP0001,IRO7FNRP0004,ساخت محصولات فلزي,28,2023-08-31T05:42:01.730Z,28,0
646,خساپا,سایپا,4.49E+16,300,IRO1SIPA0001,IRO1SIPA0001,خودرو و ساخت قطعات,34,2023-08-31T05:42:01.850Z,34,0
650,ونفت,سرمایه‌گذاری صنعت‌ نفت‌,3.39E+16,300,IRO1NAFT0001,IRO1NAFT0005,"فراورده هاي نفتي، كك و سوخت هسته اي",23,2023-08-31T05:42:02.127Z,56,0
652,اتکای,بیمه اتکایی ایرانیان,3.98E+16,303,IRO3ETKZ0001,IRO3ETKZ0008,بيمه وصندوق بازنشستگي به جزتامين اجتماعي,66,2023-08-31T05:42:02.240Z,66,0
656,تماوند,تامین سرمایه دماوند,6.02E+16,303,IRO3DIBZ0001,IRO3DIBZ0003,فعاليتهاي كمكي به نهادهاي مالي واسط,67,2023-08-31T05:42:02.506Z,67,0
658,وکار,بانک‌ کارآفرین‌,4.80E+16,300,IRO1KRAF0001,IRO1KRAF0000,بانكها و موسسات اعتباري,57,2023-08-31T05:42:02.705Z,57,0
664,زمگسا,کشاورزی ودامپروی مگسال‌,5.05E+15,300,IRO1MAGS0001,IRO1MAGS0006,زراعت و خدمات وابسته,1,2023-08-31T05:42:03.091Z,1,0
668,مبین,مبین انرژی خلیج فارس,2.79E+16,300,IRO1MOBN0001,IRO1MOBN0000,"عرضه برق، گاز، بخاروآب گرم",40,2023-08-31T05:42:03.347Z,40,0
672,دیران,ایران‌دارو,6.91E+16,300,IRO1IRDR0001,IRO1IRDR0007,مواد و محصولات دارويي,43,2023-08-31T05:42:03.614Z,43,0
674,پلوله,گازلوله‌,2.93E+16,309,IRO7GAZP0001,IRO7GAZP0008,لاستيك و پلاستيك,25,2023-08-31T05:42:03.725Z,25,0
676,کاذر,فرآورده‌هاینسوزآذر,4.94E+16,300,IRO1NSAZ0001,IRO1NSAZ0002,ساير محصولات كاني غيرفلزي,54,2023-08-31T05:42:03.847Z,54,0
678,فخاس,فولاد خراسان,4.73E+15,300,IRO1FKAS0001,IRO1FKAS0009,فلزات اساسي,27,2023-08-31T05:42:03.990Z,27,0
682,حریل,ریل پردازسیر,5.56E+15,303,IRO3HRLZ0001,IRO3HRLZ0006,"حمل ونقل، انبارداري و ارتباطات",60,2023-08-31T05:42:04.249Z,60,0
686,فسبزوار2,پارس فولاد سبزوار,2.09E+16,300,IRO1FSBZ0002,IRO1FSBZ0001,فلزات اساسي,27,2023-08-31T05:42:04.492Z,27,0
690,غناب,روغن‌ نباتی ناب,4.25E+16,309,IRO7RNAP0001,IRO7RNAP0009,محصولات غذايي و آشاميدني به جز قند و شكر,42,2023-08-31T05:42:04.715Z,42,0
692,شپنا2,پالایش نفت اصفهان,2.20E+16,300,IRO1PNES0002,IRO1PNES0000,"فراورده هاي نفتي، كك و سوخت هسته اي",23,2023-08-31T05:42:04.831Z,23,0
696,حگهر,حمل و نقل گهرترابر سیرجان,4.78E+16,303,IRO3GTTZ0001,IRO3GTTZ0007,"حمل ونقل، انبارداري و ارتباطات",60,2023-08-31T05:42:05.078Z,60,0
698,وتوکا,سرمایه‌گذاریتوکافولاد(هلدینگ,4.72E+16,300,IRO1TOKA0001,IRO1TOKA0007,فلزات اساسي,27,2023-08-31T05:42:05.200Z,27,0
700,ثبهساز,بهساز کاشانه تهران,1.47E+16,300,IRO1BEKA0001,IRO1BEKA0009,"انبوه سازي، املاك و مستغلات",70,2023-08-31T05:42:05.348Z,70,0
704,کگاز,شیشه‌ و گاز,6.23E+16,300,IRO1SGAZ0001,IRO1SGAZ0001,ساير محصولات كاني غيرفلزي,54,2023-08-31T05:42:05.588Z,54,0
706,فغدیر,آهن و فولاد غدیر ایرانیان,2.81E+16,303,IRO3GIRZ0001,IRO3GIRZ0002,فلزات اساسي,27,2023-08-31T05:42:05.715Z,27,0
708,وتجارت,بانک تجارت,6.39E+16,300,IRO1BTEJ0001,IRO1BTEJ0001,بانكها و موسسات اعتباري,57,2023-08-31T05:42:05.857Z,57,0
714,زشریف,کشت وصنعت شریف آباد,2.65E+16,303,IRO3SAAZ0001,IRO3SAAZ0005,زراعت و خدمات وابسته,1,2023-08-31T05:42:06.252Z,1,0
715,خرینگ,رینگ‌سازیمشهد,4.59E+16,300,IRO1RINM0001,IRO1RINM0000,خودرو و ساخت قطعات,34,2023-08-31T05:42:06.341Z,34,0
717,غبهنوش,بهنوش‌ ایران‌,1.71E+16,300,IRO1BENN0001,IRO1BENN0001,محصولات غذايي و آشاميدني به جز قند و شكر,42,2023-08-31T05:42:06.454Z,42,0
723,حبندر,دریایی و کشتیرانی خط دریابندر,6.37E+16,309,IRO7BNDP0001,IRO7BNDP0004,"حمل ونقل، انبارداري و ارتباطات",60,2023-08-31T05:42:06.910Z,60,0
733,بمولد,مولد نیروگاهی تجارت فارس,4.83E+16,303,IRO3FTJZ0001,IRO3FTJZ0000,"عرضه برق، گاز، بخاروآب گرم",40,2023-08-31T05:42:07.666Z,40,0
739,غزر,صنعتی زر ماکارون,4.37E+15,300,IRO1ZARM0001,IRO1ZARM0004,محصولات غذايي و آشاميدني به جز قند و شكر,42,2023-08-31T05:42:08.075Z,42,0
747,ثنور,سرمایه گذاری کوه نور,6.33E+16,309,IRO7NORP0001,IRO7NORP0003,"انبوه سازي، املاك و مستغلات",70,2023-08-31T05:42:08.628Z,70,0
1584,سیمرغ,سیمرغ,2.85E+16,300,IRO1SMRG0001,IRO1SMRG0007,زراعت و خدمات وابسته,1,2023-08-31T05:43:08.733Z,1,0
1588,حفاری,حفاری شمال,2.88E+16,300,IRO1HSHM0001,IRO1HSHM0008,استخراج نفت گاز و خدمات جنبي جز اكتشاف,11,2023-08-31T05:43:09.008Z,11,0
1592,چکاپا2,گروه صنایع کاغذ پارس,2.98E+16,300,IRO1KAPA0012,IRO1KAPA0015,محصولات كاغذي,21,2023-08-31T05:43:09.301Z,21,0
1596,لبوتان,گروه‌صنعتیبوتان‌,3.07E+16,300,IRO1BOTA0001,IRO1BOTA0008,ماشين آلات و تجهيزات,29,2023-08-31T05:43:09.582Z,29,0
1598,شسینا,صنایع‌شیمیاییسینا,3.10E+16,300,IRO1SHSI0001,IRO1SHSI0001,محصولات شيميايي,44,2023-08-31T05:43:09.709Z,44,0
1606,دشیمی,شیمی داروئی داروپخش‌,3.36E+16,300,IRO1DDPK0001,IRO1DDPK0001,مواد و محصولات دارويي,43,2023-08-31T05:43:10.296Z,43,0
1608,عالیس,بهار رز عالیس چناران,3.42E+16,303,IRO3ALSZ0001,IRO3ALSZ0002,محصولات غذايي و آشاميدني به جز قند و شكر,42,2023-08-31T05:43:10.419Z,42,0
1610,دتماد,تولیدمواداولیه‌داروپخش‌,3.46E+16,300,IRO1TMVD0001,IRO1TMVD0003,مواد و محصولات دارويي,43,2023-08-31T05:43:10.563Z,43,0
1618,وصندوق,سرمایه‌گذاریصندوق‌بازنشستگی,3.72E+16,300,IRO1SAND0001,IRO1SAND0008,شركتهاي چند رشته اي صنعتي,39,2023-08-31T05:43:11.074Z,39,0
1622,پاسا2,ایران‌یاساتایرورابر,3.89E+16,300,IRO1YASA0002,IRO1YASA0008,لاستيك و پلاستيك,25,2023-08-31T05:43:11.328Z,25,0
1624,قرن,پدیده شیمی قرن,3.96E+16,300,IRO1GARN0001,IRO1GARN0006,محصولات شيميايي,44,2023-08-31T05:43:11.471Z,44,0
1626,کیمیاتک,آریان کیمیا تک,3.99E+16,300,IRO1KTEK0001,IRO1KTEK0007,محصولات شيميايي,44,2023-08-31T05:43:11.644Z,44,0
1630,وکغدیر,بین المللی توسعه ص. معادن غدیر,4.06E+16,300,IRO1TMGD0001,IRO1TMGD0002,شركتهاي چند رشته اي صنعتي,39,2023-08-31T05:43:11.913Z,39,0
716,وامیر,گروه صنعتی و معدنی امیر,6.72E+16,309,IRO7AIMP0001,IRO7AIMP0001,استخراج كانه هاي فلزي,13,2023-08-31T05:42:06.396Z,13,0
720,رافزا,رایان هم افزا,6.89E+16,303,IRO3RYHZ0001,IRO3RYHZ0001,رايانه و فعاليت‌هاي وابسته به آن,72,2023-08-31T05:42:06.664Z,72,0
724,وآیند,بانک  آینده,4.68E+16,309,IRO7AYNP0001,IRO7AYNP0000,بانكها و موسسات اعتباري,57,2023-08-31T05:42:06.975Z,57,0
726,فلامی,لامیران‌,2.53E+16,300,IRO1LAMI0001,IRO1LAMI0001,ساخت محصولات فلزي,28,2023-08-31T05:42:07.148Z,28,0
736,قشیر,قند شیروان قوچان و بجنورد,7.15E+16,303,IRO3GHSZ0001,IRO3GHSZ0002,قند و شكر,38,2023-08-31T05:42:07.841Z,38,0
738,ساوه,سیمان ساوه,3.23E+16,303,IRO3SACZ0001,IRO3SACZ0003,"سيمان، آهك و گچ",53,2023-08-31T05:42:08.012Z,53,0
740,خبنیان,بنیان دیزل,3.71E+16,309,IRO7BDZP0001,IRO7BDZP0000,خودرو و ساخت قطعات,34,2023-08-31T05:42:08.157Z,34,0
748,تیپیکو,سرمایه گذاری دارویی تامین,2.98E+16,300,IRO1DTIP0001,IRO1DTIP0007,مواد و محصولات دارويي,43,2023-08-31T05:42:08.687Z,43,0
749,وکبهمن,مدیریت سرمایه گذاری کوثربهمن,6.50E+16,303,IRO3KBIZ0001,IRO3KBIZ0004,سرمايه گذاريها,56,2023-08-31T05:42:08.772Z,56,0
752,کارام,صنایع سرام آرا,6.99E+16,309,IRO7CEIP0001,IRO7CEIP0009,كاشي و سراميك,49,2023-08-31T05:42:08.942Z,49,0
753,اسیاتک,انتقال داده های آسیاتک,1.41E+16,300,IRO1ASTC0001,IRO1ASTC0003,اطلاعات و ارتباطات,73,2023-08-31T05:42:09.001Z,73,0
754,ثامید,توسعه و عمران امید,1.86E+16,300,IRO1TOOM0001,IRO1TOOM0009,"انبوه سازي، املاك و مستغلات",70,2023-08-31T05:42:09.071Z,70,0
755,خودرو2,ایران‌ خودرو,3.46E+16,300,IRO1IKCO0002,IRO1IKCO0008,خودرو و ساخت قطعات,34,2023-08-31T05:42:09.134Z,34,0
756,ولتجار,واسپاری تجارت وسرمایه ایرانیان,3.46E+16,309,IRO7GSIP0001,IRO7GSIP0009,ساير واسطه گريهاي مالي,58,2023-08-31T05:42:09.190Z,58,0
757,باران,بیمه زندگی باران,2.69E+16,309,IRO7BLIP0001,IRO7BLIP0001,بيمه وصندوق بازنشستگي به جزتامين اجتماعي,66,2023-08-31T05:42:09.249Z,66,0
758,کاما,باما,4.94E+15,300,IRO1BAMA0001,IRO1BAMA0001,استخراج كانه هاي فلزي,13,2023-08-31T05:42:09.373Z,13,0
760,فافق,صنایع مس افق کرمان,2.24E+16,309,IRO7OKCZ0001,IRO7OKCZ0001,فلزات اساسي,27,2023-08-31T05:42:09.488Z,27,0
761,سایرا,ایرانیت‌,6.26E+16,309,IRO7IRNP0001,IRO7IRNP0001,ساير محصولات كاني غيرفلزي,54,2023-08-31T05:42:09.559Z,54,0
766,فکمند,گسترش قطعه سازی کمند,7.03E+16,309,IRO7KPMP0001,IRO7KPMP0000,ساخت محصولات فلزي,28,2023-08-31T05:42:09.890Z,28,0
767,وگردش,بانک گردشگری,7.92E+15,309,IRO7GRDZ0001,IRO7GRDZ0003,بانكها و موسسات اعتباري,57,2023-08-31T05:42:09.944Z,57,0
769,فاذر,صنایع‌ آذرآب‌,3.85E+16,300,IRO1AZAB0001,IRO1AZAB0006,ساخت محصولات فلزي,28,2023-08-31T05:42:10.098Z,28,0
770,فروسیل,فروسیلیسیم خمین,4.48E+16,303,IRO3FERZ0001,IRO3FERZ0007,فلزات اساسي,27,2023-08-31T05:42:10.189Z,27,0
773,بمپنا,تولید برق عسلویه  مپنا,3.98E+16,303,IRO3BMAZ0001,IRO3BMAZ0000,"عرضه برق، گاز، بخاروآب گرم",40,2023-08-31T05:42:10.393Z,40,0
777,شبصیر,تولیدات پتروشیمی قائد بصیر,6.85E+16,303,IRO3BSRZ0001,IRO3BSRZ0005,محصولات شيميايي,44,2023-08-31T05:42:10.646Z,44,0
783,بزاگرس,نیروگاه زاگرس کوثر,2.99E+16,303,IRO3ZKPZ0001,IRO3ZKPZ0007,"عرضه برق، گاز، بخاروآب گرم",40,2023-08-31T05:42:11.040Z,40,0
789,ولقمان,سرمایه گذاری لقمان,3.20E+16,309,IRO7LOIP0001,IRO7LOIP0006,سرمايه گذاريها,56,2023-08-31T05:42:11.428Z,56,0
793,سبجنو,سیمان‌ بجنورد,6.63E+16,300,IRO1SBOJ0001,IRO1SBOJ0000,"سيمان، آهك و گچ",53,2023-08-31T05:42:11.683Z,53,0
795,ثجنوب,سرمایه گذاری مسکن جنوب,6.09E+16,303,IRO3MSJZ0001,IRO3MSJZ0002,"انبوه سازي، املاك و مستغلات",70,2023-08-31T05:42:11.821Z,70,0
803,دفرا,فرآورده‌های تزریقی ایران‌,1.83E+16,300,IRO1FTIR0001,IRO1FTIR0003,مواد و محصولات دارويي,43,2023-08-31T05:42:12.356Z,43,0
805,میهن,بیمه میهن,2.65E+16,303,IRO3MIHZ0001,IRO3MIHZ0006,بيمه وصندوق بازنشستگي به جزتامين اجتماعي,66,2023-08-31T05:42:12.483Z,66,0
807,خپارس,پارس خودرو,2.52E+16,309,IRO7PKOD0001,IRO7PKOD0002,خودرو و ساخت قطعات,34,2023-08-31T05:42:12.654Z,34,0
809,پترول,گ.س.وت.ص.پتروشیمی خلیج فارس,6.91E+16,300,IRO1IPTR0001,IRO1IPTR0001,محصولات شيميايي,44,2023-08-31T05:42:12.795Z,44,0
821,اعتلا,شرکت سرمایه گذاری اعتلاء البرز,3.68E+16,303,IRO3ETLZ0001,IRO3ETLZ0007,سرمايه گذاريها,56,2023-08-31T05:42:13.631Z,56,0
827,ولملت,واسپاری ملت,1.14E+16,300,IRO1VLMT0001,IRO1VLMT0003,ساير واسطه گريهاي مالي,58,2023-08-31T05:42:14.083Z,58,0
835,وبصادر2,بانک صادرات ایران,1.94E+16,300,IRO1BSDR0002,IRO1BSDR0003,بانكها و موسسات اعتباري,57,2023-08-31T05:42:14.670Z,57,0
837,سکرما,سیمان‌ کرمان‌,1.55E+16,300,IRO1SKER0001,IRO1SKER0001,"سيمان، آهك و گچ",53,2023-08-31T05:42:14.782Z,53,0
839,توریل,توکاریل,3.74E+16,303,IRO3TORZ0001,IRO3TORZ0009,"حمل ونقل، انبارداري و ارتباطات",60,2023-08-31T05:42:14.923Z,60,0
841,سهگمت,سیمان‌هگمتان‌,4.13E+16,300,IRO1SHGN0001,IRO1SHGN0008,"سيمان، آهك و گچ",53,2023-08-31T05:42:15.037Z,53,0
847,ثمسکن,سرمایه‌گذاری مسکن‌,3.86E+15,300,IRO1MSKN0001,IRO1MSKN0005,"انبوه سازي، املاك و مستغلات",70,2023-08-31T05:42:15.485Z,70,0
849,ثتوسا,س.توسعه و عمران استان اردبیل,4.77E+16,309,IRO7CTSP0001,IRO7CTSP0000,"انبوه سازي، املاك و مستغلات",70,2023-08-31T05:42:15.634Z,70,0
851,وتوشه,سرمایه‌ گذاری پارس‌ توشه‌,5.47E+16,300,IRO1TSHE0001,IRO1TSHE0004,ماشين آلات و تجهيزات,29,2023-08-31T05:42:15.749Z,29,0
853,خکار,ایرکا پارت صنعت,5.92E+16,300,IRO1KRIR0001,IRO1KRIR0008,خودرو و ساخت قطعات,34,2023-08-31T05:42:15.899Z,34,0
855,خساپا2,سایپا,6.44E+16,300,IRO1SIPA0002,IRO1SIPA0001,خودرو و ساخت قطعات,34,2023-08-31T05:42:16.042Z,34,0
857,وبیمه,سرمایه‌ گذاری صنعت‌ بیمه‌,1.18E+16,300,IRO1BIME0001,IRO1BIME0009,سرمايه گذاريها,56,2023-08-31T05:42:16.189Z,56,0
778,حتوکا,حمل‌ونقل‌توکا,2.23E+16,300,IRO1HTOK0001,IRO1HTOK0000,"حمل ونقل، انبارداري و ارتباطات",60,2023-08-31T05:42:10.712Z,60,0
796,ومعلم,بیمه معلم,6.85E+15,303,IRO3MOIZ0001,IRO3MOIZ0007,بيمه وصندوق بازنشستگي به جزتامين اجتماعي,66,2023-08-31T05:42:11.895Z,66,0
798,قجام,فرآوردههای غذایی وقندتربت‌جام‌,2.82E+16,309,IRO7GTOP0001,IRO7GTOP0000,قند و شكر,38,2023-08-31T05:42:12.015Z,38,0
800,خاهن,آهنگری تراکتورسازی ایران‌,7.48E+15,300,IRO1ATIR0001,IRO1ATIR0008,خودرو و ساخت قطعات,34,2023-08-31T05:42:12.169Z,34,0
804,وپست,پست بانک ایران,2.21E+16,300,IRO1BPST0001,IRO1BPST0007,بانكها و موسسات اعتباري,57,2023-08-31T05:42:12.423Z,57,0
806,کگل,معدنی و صنعتی گل گهر,3.57E+16,300,IRO1GOLG0001,IRO1GOLG0005,استخراج كانه هاي فلزي,13,2023-08-31T05:42:12.593Z,13,0
810,غدشت,دشت‌ مرغاب‌,2.43E+15,300,IRO1DMOR0001,IRO1DMOR0004,محصولات غذايي و آشاميدني به جز قند و شكر,42,2023-08-31T05:42:12.853Z,42,0
812,نیان,نیان الکترونیک,2.07E+16,303,IRO3NIAZ0001,IRO3NIAZ0002,توليد محصولات كامپيوتري الكترونيكي ونوري,26,2023-08-31T05:42:12.976Z,26,0
816,وساپا,سرمایه‌گذاری سایپا,3.76E+16,300,IRO1SSAP0001,IRO1SSAP0009,سرمايه گذاريها,56,2023-08-31T05:42:13.251Z,56,0
822,ثجوان,تامین مسکن جوانان,3.05E+16,309,IRO7SJVP0001,IRO7SJVP0009,"انبوه سازي، املاك و مستغلات",70,2023-08-31T05:42:13.689Z,70,0
826,ومعادن2,توسعه‌معادن‌وفلزات‌,5.16E+15,300,IRO1MADN0002,IRO1MADN0004,استخراج كانه هاي فلزي,13,2023-08-31T05:42:13.996Z,13,0
828,شتوکا,توکا رنگ فولاد سپاهان,3.86E+16,303,IRO3TPSZ0001,IRO3TPSZ0007,محصولات شيميايي,44,2023-08-31T05:42:14.148Z,44,0
830,کمنگنز,معادن‌منگنزایران‌,5.03E+16,300,IRO1MNGZ0001,IRO1MNGZ0002,استخراج كانه هاي فلزي,13,2023-08-31T05:42:14.278Z,13,0
836,حرهشا,رهشاد سپاهان (سهامی عام,3.04E+16,309,IRO7RAHP0001,IRO7RAHP0007,"حمل ونقل، انبارداري و ارتباطات",60,2023-08-31T05:42:14.726Z,60,0
838,تکنار,مجتمع معادن مس تکنار,5.25E+16,309,IRO7NARP0001,IRO7NARP0009,استخراج كانه هاي فلزي,13,2023-08-31T05:42:14.836Z,13,0
842,شکلر,نیروکلر,6.22E+16,300,IRO1NKOL0001,IRO1NKOL0000,محصولات شيميايي,44,2023-08-31T05:42:15.099Z,44,0
844,خفولا,خدمات فنی فولاد یزد,2.30E+16,309,IRO7KHEP0001,IRO7KHEP0000,خدمات فني و مهندسي,74,2023-08-31T05:42:15.271Z,74,0
846,کهمدا,شیشه‌ همدان‌,6.72E+16,300,IRO1SHMD0001,IRO1SHMD0002,ساير محصولات كاني غيرفلزي,54,2023-08-31T05:42:15.394Z,54,0
848,زبینا,کشاورزی و دامپروری بینالود,5.45E+16,303,IRO3BAHZ0001,IRO3BAHZ0007,زراعت و خدمات وابسته,1,2023-08-31T05:42:15.580Z,1,0
850,لازما,کارخانه های صنعتی آزمایش,5.04E+16,309,IRO7AZMP0001,IRO7AZMP0000,ماشين آلات و تجهيزات,29,2023-08-31T05:42:15.692Z,29,0
852,شجم,صنایع پتروشیمی تخت جمشید,6.12E+15,303,IRO3TJPZ0001,IRO3TJPZ0008,محصولات شيميايي,44,2023-08-31T05:42:15.835Z,44,0
856,وسپهر,سرمایه گذاری مالی سپهرصادرات,1.14E+14,303,IRO3SAIZ0001,IRO3SAIZ0007,سرمايه گذاريها,56,2023-08-31T05:42:16.102Z,56,0
860,دفارا,داروسازی فارابی,5.66E+16,300,IRO1DFRB0001,IRO1DFRB0008,مواد و محصولات دارويي,43,2023-08-31T05:42:16.428Z,43,0
861,فنوال,نورد آلومینیوم‌,5.79E+16,300,IRO1NALM0001,IRO1NALM0004,فلزات اساسي,27,2023-08-31T05:42:16.487Z,27,0
863,چکاپا,گروه صنایع کاغذ پارس,2.90E+16,300,IRO1KAPA0011,IRO1KAPA0015,محصولات كاغذي,21,2023-08-31T05:42:16.649Z,21,0
865,فاهواز,نورد و لوله اهواز,4.43E+16,309,IRO7FAHP0001,IRO7FAHP0001,فلزات اساسي,27,2023-08-31T05:42:16.819Z,27,0
867,داسوه,داروسازی اسوه‌,1.24E+16,300,IRO1DOSE0001,IRO1DOSE0003,مواد و محصولات دارويي,43,2023-08-31T05:42:16.962Z,43,0
869,خدیزل,بهمن  دیزل,3.81E+16,303,IRO3DZLZ0001,IRO3DZLZ0000,خودرو و ساخت قطعات,34,2023-08-31T05:42:17.117Z,34,0
871,دتهران‌,داروسازی تهران‌ دارو,1.50E+16,309,IRO7THDP0001,IRO7THDP0002,مواد و محصولات دارويي,43,2023-08-31T05:42:17.296Z,43,0
873,آواپارس,بیمه اتکایی آوای پارس70% تادیه,1.72E+16,309,IRO7AVPP0001,IRO7AVPP0001,بيمه وصندوق بازنشستگي به جزتامين اجتماعي,66,2023-08-31T05:42:17.417Z,66,0
875,زملارد,کشاورزی و دامپروری ملارد شیر,1.49E+16,303,IRO3MAHZ0001,IRO3MAHZ0004,زراعت و خدمات وابسته,1,2023-08-31T05:42:17.547Z,1,0
877,معیار ,سرمایه گذاری معیار صنعت پارس,5.06E+16,309,IRO7PSMP0001,IRO7PSMP0002,سرمايه گذاريها,56,2023-08-31T05:42:17.660Z,56,0
881,وکادو,تکادو,5.67E+16,309,IRO7TKDP0001,IRO7TKDP0007,سرمايه گذاريها,56,2023-08-31T05:42:17.992Z,56,0
883,چکاوه,صنایع‌کاغذسازیکاوه‌,2.43E+16,300,IRO1KSKA0001,IRO1KSKA0002,محصولات كاغذي,21,2023-08-31T05:42:18.118Z,21,0
891,سبهان,سیمان‌ بهبهان‌,3.25E+16,300,IRO1SBHN0001,IRO1SBHN0003,"سيمان، آهك و گچ",53,2023-08-31T05:42:18.659Z,53,0
893,ثاخت,بین‌المللیتوسعه‌ساختمان,1.78E+16,300,IRO1BSTE0001,IRO1BSTE0000,"انبوه سازي، املاك و مستغلات",70,2023-08-31T05:42:18.771Z,70,0
895,خفنر,فنرسازیخاور,2.80E+16,300,IRO1KFAN0001,IRO1KFAN0004,خودرو و ساخت قطعات,34,2023-08-31T05:42:18.916Z,34,0
899,رتکو,کنترل ‌خوردگی ‌تکین ‌کوی,4.99E+16,309,IRO7TKIN0001,IRO7TKIN0004,خدمات فني و مهندسي,74,2023-08-31T05:42:19.203Z,74,0
901,وغدیر2,سرمایه‌گذاریغدیر(هلدینگ‌,4.94E+16,300,IRO1GDIR0002,IRO1GDIR0000,شركتهاي چند رشته اي صنعتي,39,2023-08-31T05:42:19.359Z,39,0
903,حفارس,حمل و نقل بین المللی خلیج فارس,3.54E+16,300,IRO1HFRS0001,IRO1HFRS0005,"حمل ونقل، انبارداري و ارتباطات",60,2023-08-31T05:42:19.490Z,60,0
905,ناما,تولیدی مخازن گازطبیعی آسیاناما,1.04E+16,303,IRO3NAMZ0001,IRO3NAMZ0006,خودرو و ساخت قطعات,34,2023-08-31T05:42:19.608Z,34,0
907,وهامون,سرمایه گذاری هامون صبا,1.93E+16,303,IRO3HAIZ0001,IRO3HAIZ0000,سرمايه گذاريها,56,2023-08-31T05:42:19.730Z,56,0
913,وپسا,س. پتروشیمی ساختمان  خلیج فارس,1.16E+16,309,IRO7PGIP0001,IRO7PGIP0002,پيمانكاري صنعتي,45,2023-08-31T05:42:20.102Z,45,0
915,سرچشمه,سرمایه گذاری مس سرچشمه,3.59E+16,303,IRO3SARZ0001,IRO3SARZ0006,سرمايه گذاريها,56,2023-08-31T05:42:20.225Z,56,0
917,سشمال,سیمان‌ شمال‌,6.76E+15,300,IRO1SIMS0001,IRO1SIMS0004,"سيمان، آهك و گچ",53,2023-08-31T05:42:20.410Z,53,0
919,فولاد,فولاد مبارکه اصفهان,4.63E+16,300,IRO1FOLD0001,IRO1FOLD0009,فلزات اساسي,27,2023-08-31T05:42:20.533Z,27,0
921,فزر2,پویا زرکان آق دره,3.29E+16,303,IRO3PZAZ0002,IRO3PZAZ0009,استخراج كانه هاي فلزي,13,2023-08-31T05:42:20.667Z,13,0
923,وامید,گروه مدیریت سرمایه گذاری امید,5.22E+16,300,IRO1OIMC0001,IRO1OIMC0006,شركتهاي چند رشته اي صنعتي,39,2023-08-31T05:42:20.795Z,39,0
927,حکشتی,کشتیرانی جمهوری اسلامی ایران,6.06E+16,300,IRO1KSHJ0001,IRO1KSHJ0008,"حمل ونقل، انبارداري و ارتباطات",60,2023-08-31T05:42:21.057Z,60,0
935,کفرا,فراورده‌ های نسوزایران‌,2.38E+16,300,IRO1NASI0001,IRO1NASI0003,ساير محصولات كاني غيرفلزي,54,2023-08-31T05:42:21.609Z,54,0
937,فاما,صنعتی آما,3.47E+16,300,IRO1SAMA0001,IRO1SAMA0002,ساخت محصولات فلزي,28,2023-08-31T05:42:21.766Z,28,0
939,ونیرو,سرمایه‌گذارینیرو,6.26E+16,300,IRO1SNRO0001,IRO1SNRO0006,"عرضه برق، گاز، بخاروآب گرم",40,2023-08-31T05:42:21.916Z,40,0
945,ممسنی,پتروشیمی ممسنی,7.51E+15,309,IRO7PMMP0001,IRO7PMMP0008,محصولات شيميايي,44,2023-08-31T05:42:22.310Z,44,0
862,بکام,کارخانجات تولیدی شهید قندی,2.24E+16,300,IRO1KGND0001,IRO1KGND0000,ماشين آلات و دستگاه‌هاي برقي,31,2023-08-31T05:42:16.580Z,31,0
866,کپشیر,پشم‌شیشه‌ایران‌,5.76E+16,300,IRO1PSIR0001,IRO1PSIR0002,ساير محصولات كاني غيرفلزي,54,2023-08-31T05:42:16.884Z,54,0
868,فارس,صنایع پتروشیمی خلیج فارس,2.52E+16,300,IRO1PKLJ0001,IRO1PKLJ0005,محصولات شيميايي,44,2023-08-31T05:42:17.031Z,44,0
870,فجهان,مجتمع جهان فولاد سیرجان,4.55E+16,303,IRO3SJSZ0001,IRO3SJSZ0006,فلزات اساسي,27,2023-08-31T05:42:17.207Z,27,0
878,تبرک,گروه کارخانجات صنعتی تبرک,5.32E+16,303,IRO3TIGZ0001,IRO3TIGZ0000,محصولات غذايي و آشاميدني به جز قند و شكر,42,2023-08-31T05:42:17.783Z,42,0
882,آریان,سرمایه گذاری پارس آریان,6.51E+15,309,IRO7PAIP0001,IRO7PAIP0008,سرمايه گذاريها,56,2023-08-31T05:42:18.057Z,56,0
884,بورس,بورس اوراق بهادار تهران,6.05E+16,300,IRO1BORS0001,IRO1BORS0000,فعاليتهاي كمكي به نهادهاي مالي واسط,67,2023-08-31T05:42:18.177Z,94,0
888,ودانا,سرمایه گذاری دانایان,6.64E+16,309,IRO7DANP0001,IRO7DANP0005,سرمايه گذاريها,56,2023-08-31T05:42:18.477Z,56,0
890,وآرین,شرکت توسعه اقتصادی آرین,2.42E+16,309,IRO7ARNP0001,IRO7ARNP0009,سرمايه گذاريها,56,2023-08-31T05:42:18.598Z,56,0
892,لخانه,لوازم‌ خانگی پارس‌,5.60E+16,309,IRO7LKPP0001,IRO7LKPP0001,ماشين آلات و تجهيزات,29,2023-08-31T05:42:18.715Z,29,0
894,بنیرو,نیروترانس‌,2.05E+16,300,IRO1NIRO0001,IRO1NIRO0008,ماشين آلات و دستگاه‌هاي برقي,31,2023-08-31T05:42:18.858Z,31,0
908,خبازرس,بازرسی مهندسی و صنعتی ایران,1.93E+16,309,IRO7IEIP0001,IRO7IEIP0003,"فعاليت مهندسي، تجزيه، تحليل و آزمايش فني",71,2023-08-31T05:42:19.785Z,71,0
910,فسوژ,سوژمیران,5.64E+16,303,IRO3SOJZ0001,IRO3SOJZ0000,فلزات اساسي,27,2023-08-31T05:42:19.908Z,27,0
916,خودرو,ایران‌ خودرو,6.59E+16,300,IRO1IKCO0001,IRO1IKCO0008,خودرو و ساخت قطعات,34,2023-08-31T05:42:20.351Z,34,0
918,شفا,سرمایه گذاری شفادارو,3.69E+16,300,IRO1SHFA0001,IRO1SHFA0004,مواد و محصولات دارويي,43,2023-08-31T05:42:20.471Z,56,0
924,قپیرا,فرآورده‌هایغداییوقندپیرانشهر,6.70E+16,300,IRO1GPSH0001,IRO1GPSH0006,قند و شكر,38,2023-08-31T05:42:20.857Z,38,0
926,رانفور,خدمات‌انفورماتیک‌,4.05E+16,300,IRO1INFO0001,IRO1INFO0002,رايانه و فعاليت‌هاي وابسته به آن,72,2023-08-31T05:42:20.993Z,72,0
930,خکمک,کمک‌فنرایندامین‌,1.93E+16,300,IRO1INDM0001,IRO1INDM0006,خودرو و ساخت قطعات,34,2023-08-31T05:42:21.269Z,34,0
932,بپیوند,برق و انرژی پیوندگستر پارس,6.46E+16,303,IRO3PGRZ0001,IRO3PGRZ0003,"عرضه برق، گاز، بخاروآب گرم",40,2023-08-31T05:42:21.430Z,40,0
936,چکارن,کارتن‌ ایران‌,5.31E+16,300,IRO1KRTI0001,IRO1KRTI0006,محصولات كاغذي,21,2023-08-31T05:42:21.679Z,21,0
938,ودی,بیمه  دی,4.40E+16,303,IRO3BMDZ0001,IRO3BMDZ0007,بيمه وصندوق بازنشستگي به جزتامين اجتماعي,66,2023-08-31T05:42:21.831Z,66,0
940,اپال,فرآوری معدنی اپال کانی پارس,6.55E+14,300,IRO1OPAL0001,IRO1OPAL0000,استخراج كانه هاي فلزي,13,2023-08-31T05:42:21.974Z,13,0
942,شبندر,پالایش نفت بندرعباس,3.54E+16,300,IRO1PNBA0001,IRO1PNBA0003,"فراورده هاي نفتي، كك و سوخت هسته اي",23,2023-08-31T05:42:22.132Z,23,0
948,وسینا,بانک سینا,4.51E+16,300,IRO1VSIN0001,IRO1VSIN0008,بانكها و موسسات اعتباري,57,2023-08-31T05:42:22.512Z,57,0
954,اتکام,بیمه اتکایی امین,2.74E+16,300,IRO1ETKA0001,IRO1ETKA0009,بيمه وصندوق بازنشستگي به جزتامين اجتماعي,66,2023-08-31T05:42:22.919Z,66,0
956,فپنتا,سپنتا,6.85E+16,300,IRO1SPTA0001,IRO1SPTA0008,فلزات اساسي,27,2023-08-31T05:42:23.069Z,27,0
958,غسالم,سالمین‌,2.87E+16,300,IRO1SLMN0001,IRO1SLMN0004,محصولات غذايي و آشاميدني به جز قند و شكر,42,2023-08-31T05:42:23.188Z,42,0
962,وآوا,سرمایه گذاری آوا نوین,2.25E+16,303,IRO3ANIZ0001,IRO3ANIZ0002,سرمايه گذاريها,56,2023-08-31T05:42:23.437Z,56,0
964,حسینا,توسعه خدمات دریایی وبندری سینا,1.63E+15,303,IRO3SMBZ0001,IRO3SMBZ0000,"حمل ونقل، انبارداري و ارتباطات",60,2023-08-31T05:42:23.557Z,60,0
968,تاپیکو,س. نفت و گاز و پتروشیمی تأمین,2.26E+16,300,IRO1PTAP0001,IRO1PTAP0001,محصولات شيميايي,44,2023-08-31T05:42:23.823Z,44,0
970,وبهمن,سرمایه‌گذاریبهمن‌,1.81E+16,300,IRO1SBAH0001,IRO1SBAH0008,سرمايه گذاريها,56,2023-08-31T05:42:23.942Z,56,0
972,چخزر,صنایع چوب خزر کاسپین,4.11E+16,303,IRO3CAWZ0001,IRO3CAWZ0007,محصولات چوبي,20,2023-08-31T05:42:24.114Z,20,0
974,حپارسا,توسعه حمل و نقل ریلی پارسیان,9.18E+14,303,IRO3HPRZ0001,IRO3HPRZ0002,"حمل ونقل، انبارداري و ارتباطات",60,2023-08-31T05:42:24.230Z,60,0
976,دجابر,داروسازی جابرابن‌حیان‌,3.34E+16,300,IRO1DJBR0001,IRO1DJBR0004,مواد و محصولات دارويي,43,2023-08-31T05:42:24.380Z,43,0
980,جهرم,پتروشیمی جهرم,4.97E+16,309,IRO7PJHP0001,IRO7PJHP0000,محصولات شيميايي,44,2023-08-31T05:42:24.664Z,44,0
982,شصدف,صنعتی دوده فام,2.04E+14,303,IRO3SDFZ0001,IRO3SDFZ0007,محصولات شيميايي,44,2023-08-31T05:42:24.781Z,44,0
984,کلوند,کاشی الوند,3.27E+16,300,IRO1ALVN0001,IRO1ALVN0003,كاشي و سراميك,49,2023-08-31T05:42:24.902Z,49,0
986,کماسه,تامین‌ ماسه‌ ریخته‌گری,6.77E+16,300,IRO1TAMI0001,IRO1TAMI0003,استخراج ساير معادن,14,2023-08-31T05:42:25.042Z,14,0
988,زفجر,کشاورزی و دامپروری فجر اصفهان,3.68E+16,303,IRO3FAHZ0001,IRO3FAHZ0003,زراعت و خدمات وابسته,1,2023-08-31T05:42:25.165Z,1,0
990,بفجر,فجر انرژی خلیج فارس,4.62E+16,300,IRO1BFJR0001,IRO1BFJR0002,"عرضه برق، گاز، بخاروآب گرم",40,2023-08-31T05:42:25.355Z,40,0
994,هرمز,فولاد هرمزگان جنوب,7.05E+16,303,IRO3FOHZ0001,IRO3FOHZ0007,فلزات اساسي,27,2023-08-31T05:42:25.628Z,27,0
996,سصوفی,سیمان‌ صوفیان‌,1.32E+16,300,IRO1SSOF0001,IRO1SSOF0005,"سيمان، آهك و گچ",53,2023-08-31T05:42:25.752Z,53,0
998,پتایر,ایران‌ تایر,4.19E+16,300,IRO1TAIR0001,IRO1TAIR0008,لاستيك و پلاستيك,25,2023-08-31T05:42:25.873Z,25,0
1002,قزوین,کارخانجات‌ قند قزوین‌,1.53E+16,300,IRO1GGAZ0001,IRO1GGAZ0005,قند و شكر,38,2023-08-31T05:42:26.148Z,38,0
1004,وآتوس,توسعه س. کشاورزی آرین توسکا,1.73E+16,309,IRO7ATSP0001,IRO7ATSP0002,سرمايه گذاريها,56,2023-08-31T05:42:26.289Z,56,0
1016,واحصا,احیاء صنایع خراسان,5.36E+16,309,IRO7VHSP0001,IRO7VHSP0001,سرمايه گذاريها,56,2023-08-31T05:42:27.199Z,56,0
1020,شلرد,کود شیمیایی اوره لردگان,5.64E+16,309,IRO7SHLP0001,IRO7SHLP0003,محصولات شيميايي,44,2023-08-31T05:42:27.494Z,44,0
1022,خنصیر,مهندسینصیرماشین‌,1.78E+16,300,IRO1MNSR0001,IRO1MNSR0008,خودرو و ساخت قطعات,34,2023-08-31T05:42:27.665Z,34,0
1026,سفارود,کارخانه فارسیت درود,4.69E+15,309,IRO7SFAP0001,IRO7SFAP0008,ساير محصولات كاني غيرفلزي,54,2023-08-31T05:42:27.946Z,54,0
951,سپیدار,سپیدار سیستم آسیا,2.96E+16,303,IRO3SSYZ0001,IRO3SSYZ0007,رايانه و فعاليت‌هاي وابسته به آن,72,2023-08-31T05:42:22.716Z,72,0
957,گشان,توسعه بین المللی پدیده شاندیز,7.04E+16,309,IRO7PSDP0001,IRO7PSDP0003,هتل و رستوران,55,2023-08-31T05:42:23.125Z,55,0
959,دکپسول,تولید ژلاتین کپسول ایران,5.24E+16,303,IRO3IGCZ0001,IRO3IGCZ0009,مواد و محصولات دارويي,43,2023-08-31T05:42:23.246Z,43,0
963,فباهنر2,مس‌ شهیدباهنر,3.20E+16,300,IRO1BAHN0002,IRO1BAHN0003,فلزات اساسي,27,2023-08-31T05:42:23.496Z,27,0
975,وحافظ,بیمه حافظ,5.13E+15,309,IRO7HFZP0001,IRO7HFZP0002,بيمه وصندوق بازنشستگي به جزتامين اجتماعي,66,2023-08-31T05:42:24.286Z,66,0
977,خزامیا,زامیاد,2.59E+15,300,IRO1ZMYD0001,IRO1ZMYD0002,خودرو و ساخت قطعات,34,2023-08-31T05:42:24.448Z,34,0
983,ولکار,لیزینگ کارآفرین,6.15E+16,300,IRO1LKAR0001,IRO1LKAR0002,ساير واسطه گريهاي مالي,58,2023-08-31T05:42:24.843Z,58,0
985,گکیش,توریستی ورفاهی آبادگران کیش,4.47E+16,309,IRO7TRKP0001,IRO7TRKP0001,هتل و رستوران,55,2023-08-31T05:42:24.983Z,55,0
987,وگردش2,بانک گردشگری,6.75E+16,309,IRO7GRDZ0002,IRO7GRDZ0003,بانكها و موسسات اعتباري,57,2023-08-31T05:42:25.101Z,57,0
989,وفردا,بیمه هوشمند فردا 50% تادیه,3.62E+16,309,IRO7HFIZ0001,IRO7HFIZ0001,بيمه وصندوق بازنشستگي به جزتامين اجتماعي,66,2023-08-31T05:42:25.292Z,66,0
991,سرود,سیمان‌شاهرود,1.20E+16,300,IRO1SROD0001,IRO1SROD0008,"سيمان، آهك و گچ",53,2023-08-31T05:42:25.420Z,53,0
993,کرماشا,صنایع پتروشیمی کرمانشاه,3.84E+16,300,IRO1PKER0001,IRO1PKER0004,محصولات شيميايي,44,2023-08-31T05:42:25.566Z,44,0
995,دروز,داروسازی روزدارو,4.03E+16,300,IRO1ROZD0001,IRO1ROZD0009,مواد و محصولات دارويي,43,2023-08-31T05:42:25.695Z,43,0
997,دهدشت,صنایع پتروشیمی دهدشت,1.54E+16,309,IRO7PDHP0001,IRO7PDHP0006,محصولات شيميايي,44,2023-08-31T05:42:25.812Z,44,0
999,وبملت,بانک ملت,7.78E+14,300,IRO1BMLT0001,IRO1BMLT0007,بانكها و موسسات اعتباري,57,2023-08-31T05:42:25.933Z,57,0
1003,ختوقا,قطعات‌ اتومبیل‌ ایران‌,7.03E+16,300,IRO1GHAT0001,IRO1GHAT0002,خودرو و ساخت قطعات,34,2023-08-31T05:42:26.208Z,34,0
1013,وملی,گروه‌ صنعتی ملی (هلدینگ‌,4.18E+16,300,IRO1GMEL0001,IRO1GMEL0009,"دباغي، پرداخت چرم و ساخت انواع پاپوش",19,2023-08-31T05:42:26.964Z,19,0
1015,ثشاهد,سرمایه‌ گذاری شاهد,6.35E+16,300,IRO1SAHD0001,IRO1SAHD0006,"انبوه سازي، املاك و مستغلات",70,2023-08-31T05:42:27.142Z,70,0
1017,کخاک,صنایع‌خاک‌چینیایران‌,1.64E+16,300,IRO1KCHI0001,IRO1KCHI0007,ساير محصولات كاني غيرفلزي,54,2023-08-31T05:42:27.285Z,54,0
1023,تیپیکو2,سرمایه گذاری دارویی تامین,2.21E+16,300,IRO1DTIP0002,IRO1DTIP0007,مواد و محصولات دارويي,43,2023-08-31T05:42:27.730Z,43,0
1025,وایران,لیزینگ ایرانیان,3.15E+15,300,IRO1LIRZ0001,IRO1LIRZ0007,ساير واسطه گريهاي مالي,58,2023-08-31T05:42:27.885Z,58,0
1027,شهر,گروه مالی شهر,9.10E+15,300,IRO1GMSH0001,IRO1GMSH0009,سرمايه گذاريها,56,2023-08-31T05:42:28.012Z,56,0
1029,دابور,داروسازی ابوریحان‌,6.13E+16,300,IRO1DABO0001,IRO1DABO0006,مواد و محصولات دارويي,43,2023-08-31T05:42:28.153Z,43,0
1033,وخارزم,سرمایه گذاری خوارزمی,7.40E+15,300,IRO1IKHR0001,IRO1IKHR0000,سرمايه گذاريها,56,2023-08-31T05:42:28.441Z,56,0
1049,شنفت,نفت‌ پارس‌,1.41E+16,300,IRO1NPRS0001,IRO1NPRS0005,"فراورده هاي نفتي، كك و سوخت هسته اي",23,2023-08-31T05:42:29.512Z,23,0
1051,کمینا,شیشه سازی مینا,5.43E+16,309,IRO7MIGP0001,IRO7MIGP0005,ساير محصولات كاني غيرفلزي,54,2023-08-31T05:42:29.629Z,54,0
1053,کاریز,بیمه زندگی کاریزما50%تادیه,1.60E+16,309,IRO7CMIZ0001,IRO7CMIZ0007,بيمه وصندوق بازنشستگي به جزتامين اجتماعي,66,2023-08-31T05:42:29.750Z,66,0
1061,ما,بیمه  ما,2.99E+16,300,IRO1BVMA0001,IRO1BVMA0006,بيمه وصندوق بازنشستگي به جزتامين اجتماعي,66,2023-08-31T05:42:30.256Z,66,0
1065,پارس,پتروشیمی پارس,6.11E+15,300,IRO1PARS0001,IRO1PARS0000,محصولات شيميايي,44,2023-08-31T05:42:30.500Z,44,0
1067,آبادا,تولید نیروی برق آبادان,3.77E+16,300,IRO1NBAB0001,IRO1NBAB0009,"عرضه برق، گاز، بخاروآب گرم",40,2023-08-31T05:42:30.648Z,40,0
1069,فبستم,صنایع ‌بسته‌بندی مشهد,4.16E+15,309,IRO7FBSP0001,IRO7FBSP0007,ساخت محصولات فلزي,28,2023-08-31T05:42:30.767Z,28,0
1071,کروی,توسعه‌ معادن‌ روی ایران‌,2.28E+16,300,IRO1ROOI0001,IRO1ROOI0007,استخراج كانه هاي فلزي,13,2023-08-31T05:42:30.891Z,13,0
1075,تکشا,گسترش‌صنایع‌وخدمات‌کشاورزی,6.23E+16,300,IRO1GSKE0001,IRO1GSKE0004,ماشين آلات و تجهيزات,29,2023-08-31T05:42:31.163Z,29,0
1081,ولساپا,لیزینگ رایان‌ سایپا,4.52E+16,300,IRO1RSAP0001,IRO1RSAP0000,ساير واسطه گريهاي مالي,58,2023-08-31T05:42:31.582Z,58,0
1085,دانا,بیمه دانا,4.85E+16,300,IRO1BDAN0001,IRO1BDAN0007,بيمه وصندوق بازنشستگي به جزتامين اجتماعي,66,2023-08-31T05:42:31.842Z,66,0
1089,پاسا,ایران‌یاساتایرورابر,6.36E+16,300,IRO1YASA0001,IRO1YASA0008,لاستيك و پلاستيك,25,2023-08-31T05:42:32.099Z,25,0
1099,بالبر,کابل‌ البرز,6.30E+16,300,IRO1KALZ0001,IRO1KALZ0002,ماشين آلات و دستگاه‌هاي برقي,31,2023-08-31T05:42:32.784Z,31,0
1101,کوثر,بیمه کوثر,2.23E+16,303,IRO3BKSZ0001,IRO3BKSZ0002,بيمه وصندوق بازنشستگي به جزتامين اجتماعي,66,2023-08-31T05:42:32.931Z,66,0
1103,وگستر,گسترش سرمایه گذاری ایرانیان,4.40E+16,303,IRO3IRNZ0001,IRO3IRNZ0003,سرمايه گذاريها,56,2023-08-31T05:42:33.070Z,56,0
1105,شسپا,نفت سپاهان,4.92E+16,300,IRO1SEPP0001,IRO1SEPP0008,"فراورده هاي نفتي، كك و سوخت هسته اي",23,2023-08-31T05:42:33.204Z,23,0
1107,گپارس,امور رفاهی کارگزاران پارس,5.98E+16,309,IRO7PBRP0001,IRO7PBRP0006,هتل و رستوران,55,2023-08-31T05:42:33.352Z,55,0
1204,قشکر,شکرشاهرود,3.60E+16,300,IRO1SHKR0001,IRO1SHKR0008,قند و شكر,38,2023-08-31T05:42:40.133Z,38,0
1032,ومدیر,گ.مدیریت ارزش سرمایه ص ب کشوری,3.04E+16,300,IRO1VMDR0001,IRO1VMDR0005,سرمايه گذاريها,56,2023-08-31T05:42:28.384Z,56,0
1036,ساراب,سیمان‌ داراب‌,4.56E+15,300,IRO1SDAB0001,IRO1SDAB0002,"سيمان، آهك و گچ",53,2023-08-31T05:42:28.696Z,53,0
1038,حسیر2,ریل سیر کوثر,1.46E+16,303,IRO3RSKZ0002,IRO3RSKZ0004,"حمل ونقل، انبارداري و ارتباطات",60,2023-08-31T05:42:28.811Z,60,0
1040,کساپا,سایپاشیشه‌,2.83E+16,300,IRO1SISH0001,IRO1SISH0001,ساير محصولات كاني غيرفلزي,54,2023-08-31T05:42:28.944Z,54,0
1044,بتهران,بیمه اتکایی تهران رواک50%تادیه,4.76E+16,309,IRO7THRP0001,IRO7THRP0006,بيمه وصندوق بازنشستگي به جزتامين اجتماعي,66,2023-08-31T05:42:29.197Z,66,0
1046,سفار,سیمان‌فارس‌,4.12E+16,300,IRO1SFRS0001,IRO1SFRS0002,"سيمان، آهك و گچ",53,2023-08-31T05:42:29.312Z,53,0
1048,تپکو,تولیدتجهیزات‌سنگین‌هپکو,5.45E+16,309,IRO7HPKP0001,IRO7HPKP0007,ماشين آلات و تجهيزات,29,2023-08-31T05:42:29.456Z,29,0
1050,وسبحان,سرمایه گذاری سبحان,4.33E+16,303,IRO3SOBZ0001,IRO3SOBZ0008,سرمايه گذاريها,56,2023-08-31T05:42:29.570Z,56,0
1054,سیدکو,سرمایه گذاری توسعه صنایع سیمان,3.73E+16,300,IRO1CIDC0001,IRO1CIDC0001,"سيمان، آهك و گچ",53,2023-08-31T05:42:29.808Z,53,0
1062,دماوند,تولید نیروی برق دماوند,6.61E+16,303,IRO3BDMZ0001,IRO3BDMZ0007,"عرضه برق، گاز، بخاروآب گرم",40,2023-08-31T05:42:30.317Z,40,0
1064,کهرام,تولیدی گرانیت بهسرام,2.56E+16,309,IRO7BEGP0001,IRO7BEGP0002,كاشي و سراميك,49,2023-08-31T05:42:30.433Z,49,0
1066,وملل,اعتباری ملل,2.46E+16,303,IRO3ASKZ0001,IRO3ASKZ0003,بانكها و موسسات اعتباري,57,2023-08-31T05:42:30.562Z,57,0
1070,کازرو,پتروشیمی کازرون,1.68E+16,309,IRO7PKZP0001,IRO7PKZP0005,محصولات شيميايي,44,2023-08-31T05:42:30.824Z,44,0
1072,شپاس,نفت پاسارگاد,3.52E+16,303,IRO3NPSZ0001,IRO3NPSZ0003,"فراورده هاي نفتي، كك و سوخت هسته اي",23,2023-08-31T05:42:30.949Z,23,0
1074,ختور,رادیاتور ایران‌,5.02E+16,300,IRO1RADI0001,IRO1RADI0006,خودرو و ساخت قطعات,34,2023-08-31T05:42:31.078Z,34,0
1080,فن افزار,توسعه فن افزار توسن,6.92E+16,303,IRO3TOTZ0001,IRO3TOTZ0007,رايانه و فعاليت‌هاي وابسته به آن,72,2023-08-31T05:42:31.527Z,72,0
1082,قلرست,قند لرستان‌,5.68E+16,300,IRO1GLOR0001,IRO1GLOR0002,قند و شكر,38,2023-08-31T05:42:31.664Z,38,0
1084,دسبحا,گروه دارویی سبحان,4.36E+16,300,IRO1DSOB0001,IRO1DSOB0006,مواد و محصولات دارويي,43,2023-08-31T05:42:31.782Z,43,0
1100,کنور,توسعه معدنی و صنعتی صبانور,2.04E+16,300,IRO1KNRZ0001,IRO1KNRZ0001,استخراج كانه هاي فلزي,13,2023-08-31T05:42:32.873Z,13,0
1104,فلوله,لوله‌وماشین‌سازیایران‌,4.86E+16,300,IRO1LMIR0001,IRO1LMIR0002,فلزات اساسي,27,2023-08-31T05:42:33.147Z,27,0
1108,حخزر,کشتیرانی دریای خزر,2.83E+16,303,IRO3KHZZ0001,IRO3KHZZ0007,حمل و نقل آبي,61,2023-08-31T05:42:33.417Z,61,0
1110,وآذر,سرمایه‌گذاریتوسعه‌آذربایجان‌,1.36E+15,300,IRO1TAZB0001,IRO1TAZB0005,"انبوه سازي، املاك و مستغلات",70,2023-08-31T05:42:33.574Z,56,0
1112,جم2,پتروشیمی جم,1.06E+16,300,IRO1PJMZ0002,IRO1PJMZ0007,محصولات شيميايي,44,2023-08-31T05:42:33.731Z,44,0
1113,حپترو,حمل و نقل پتروشیمی( سهامی عام,1.64E+16,300,IRO1HJPT0001,IRO1HJPT0002,"حمل ونقل، انبارداري و ارتباطات",60,2023-08-31T05:42:33.798Z,60,0
1115,لپیام,گسترش صنایع پیام,7.94E+14,309,IRO7PYAP0001,IRO7PYAP0008,ساخت دستگاه‌ها و وسايل ارتباطي,32,2023-08-31T05:42:33.942Z,32,0
1119,ساروج,بین المللی ساروج بوشهر,2.54E+16,303,IRO3SRBZ0001,IRO3SRBZ0005,"سيمان، آهك و گچ",53,2023-08-31T05:42:34.192Z,53,0
1121,بجهرم,توسعه مولد نیروگاهی جهرم,3.36E+16,303,IRO3JPPZ0001,IRO3JPPZ0002,"عرضه برق، گاز، بخاروآب گرم",40,2023-08-31T05:42:34.339Z,40,0
1123,مرقام,ایران ارقام,2.50E+16,309,IRO7IAGM0001,IRO7IAGM0002,رايانه و فعاليت‌هاي وابسته به آن,72,2023-08-31T05:42:34.458Z,72,0
1125,بتک,کارخانجات کابل سازی تک‌,5.44E+16,309,IRO7KTAP0001,IRO7KTAP0000,ماشين آلات و دستگاه‌هاي برقي,31,2023-08-31T05:42:34.609Z,31,0
1127,کسرا,سرامیک‌هایصنعتیاردکان‌,4.61E+15,300,IRO1ARDK0001,IRO1ARDK0002,ساير محصولات كاني غيرفلزي,54,2023-08-31T05:42:34.756Z,54,0
1133,غشهد,شهد ایران ‌,2.05E+16,300,IRO1SHAD0001,IRO1SHAD0006,محصولات غذايي و آشاميدني به جز قند و شكر,42,2023-08-31T05:42:35.188Z,42,0
1135,خفناور,مهندسی صنعتی روان فن آور,5.82E+16,309,IRO7RFNZ0001,IRO7RFNZ0002,خودرو و ساخت قطعات,34,2023-08-31T05:42:35.305Z,34,0
1137,رتاپ,تجارت الکترونیک  پارسیان,4.10E+16,300,IRO1EPRS0001,IRO1EPRS0006,رايانه و فعاليت‌هاي وابسته به آن,72,2023-08-31T05:42:35.422Z,72,0
1139,کحافظ,کاشی وسرامیک‌ حافظ‌,3.23E+16,300,IRO1KHFZ0001,IRO1KHFZ0003,كاشي و سراميك,49,2023-08-31T05:42:35.578Z,49,0
1141,شیراز,پتروشیمیشیراز,3.86E+16,300,IRO1PSHZ0001,IRO1PSHZ0003,محصولات شيميايي,44,2023-08-31T05:42:35.700Z,44,0
1143,شخارک,پتروشیمی خارک‌,7.09E+16,300,IRO1PKHA0001,IRO1PKHA0000,محصولات شيميايي,44,2023-08-31T05:42:35.853Z,44,0
1149,خاور,ایران خودرو دیزل,4.93E+16,303,IRO3IKDP0001,IRO3IKDP0004,خودرو و ساخت قطعات,34,2023-08-31T05:42:36.318Z,34,0
1151,فزر,پویا زرکان آق دره,8.18E+15,303,IRO3PZAZ0001,IRO3PZAZ0009,استخراج كانه هاي فلزي,13,2023-08-31T05:42:36.441Z,13,0
1153,غدیس,پاکدیس,3.49E+15,303,IRO3PKDZ0001,IRO3PKDZ0003,محصولات غذايي و آشاميدني به جز قند و شكر,42,2023-08-31T05:42:36.561Z,42,0
1157,مفاخر,توسعه فناوری اطلاعات خوارزمی,4.25E+15,303,IRO3KARZ0001,IRO3KARZ0004,رايانه و فعاليت‌هاي وابسته به آن,72,2023-08-31T05:42:36.885Z,72,0
1159,شفارس,صنایع‌ شیمیایی فارس‌,4.38E+16,300,IRO1SHFS0001,IRO1SHFS0004,محصولات شيميايي,44,2023-08-31T05:42:37.028Z,44,0
1163,ولراز,لیزینگ رازی,1.29E+16,309,IRO7RAZP0001,IRO7RAZP0005,ساير واسطه گريهاي مالي,58,2023-08-31T05:42:37.286Z,58,0
1167,آبین,کشت و صنعت آبشیرین,9.99E+15,309,IRO7ABYP0001,IRO7ABYP0004,زراعت و خدمات وابسته,1,2023-08-31T05:42:37.574Z,1,0
1169,شاملا,معدنی املاح‌  ایران‌,1.70E+16,300,IRO1AMLH0001,IRO1AMLH0002,محصولات شيميايي,44,2023-08-31T05:42:37.707Z,44,0
1171,وسدید,گروه ‌صنعتیسدید,4.17E+16,309,IRO7SDIP0001,IRO7SDIP0002,فلزات اساسي,27,2023-08-31T05:42:37.848Z,27,0
1173,درازی,پخش رازی,1.66E+16,303,IRO3PSRZ0001,IRO3PSRZ0009,مواد و محصولات دارويي,43,2023-08-31T05:42:37.981Z,43,0
1177,غدشت2,دشت‌ مرغاب‌,1.14E+16,300,IRO1DMOR0002,IRO1DMOR0004,محصولات غذايي و آشاميدني به جز قند و شكر,42,2023-08-31T05:42:38.243Z,42,0
1179,سغرب,سیمان‌غرب‌,5.22E+16,300,IRO1SGRB0001,IRO1SGRB0000,"سيمان، آهك و گچ",53,2023-08-31T05:42:38.407Z,53,0
1181,وتجارت2,بانک تجارت,2.51E+16,300,IRO1BTEJ0002,IRO1BTEJ0001,بانكها و موسسات اعتباري,57,2023-08-31T05:42:38.527Z,57,0
1185,چافست,افست‌,2.39E+16,300,IRO1OFST0001,IRO1OFST0004,"انتشار، چاپ و تكثير",22,2023-08-31T05:42:38.797Z,22,0
1193,غویتا,ویتانا,3.78E+16,303,IRO3VITZ0001,IRO3VITZ0001,محصولات غذايي و آشاميدني به جز قند و شكر,42,2023-08-31T05:42:39.392Z,42,0
1120,شملی,ملی شیمی کشاورز,5.59E+16,303,IRO3MECZ0001,IRO3MECZ0005,محصولات شيميايي,44,2023-08-31T05:42:34.283Z,44,0
1122,انتخاب,گروه انتخاب الکترونیک آرمان,1.02E+16,303,IRO3EELZ0001,IRO3EELZ0004,ماشين آلات و تجهيزات,29,2023-08-31T05:42:34.402Z,29,0
1124,وسین,بیمه سینا,5.66E+16,309,IRO7VSNP0001,IRO7VSNP0003,بيمه وصندوق بازنشستگي به جزتامين اجتماعي,66,2023-08-31T05:42:34.514Z,66,0
1126,کلر,کلر پارس,1.82E+15,303,IRO3CHPZ0001,IRO3CHPZ0009,محصولات شيميايي,44,2023-08-31T05:42:34.693Z,44,0
1130,شستان,پتروشیمی گلستان,3.17E+15,309,IRO7STNP0001,IRO7STNP0007,محصولات شيميايي,44,2023-08-31T05:42:34.956Z,44,0
1132,شیران,س. صنایع‌شیمیاییایران,3.58E+16,300,IRO1SSIN0001,IRO1SSIN0003,محصولات شيميايي,44,2023-08-31T05:42:35.119Z,44,0
1138,فولاد2,فولاد مبارکه اصفهان,6.19E+16,300,IRO1FOLD0002,IRO1FOLD0009,فلزات اساسي,27,2023-08-31T05:42:35.507Z,27,0
1142,فایرا,آلومینیوم‌ایران‌,6.50E+16,300,IRO1ALIR0001,IRO1ALIR0006,فلزات اساسي,27,2023-08-31T05:42:35.791Z,27,0
1144,شتهران,داروسازی تهران شیمی,3.10E+16,309,IRO7THSP0001,IRO7THSP0005,مواد و محصولات دارويي,43,2023-08-31T05:42:35.937Z,43,0
1146,شاروم,پتروشیمی ارومیه,3.41E+15,303,IRO3URPZ0001,IRO3URPZ0005,محصولات شيميايي,44,2023-08-31T05:42:36.083Z,44,0
1148,سمگا,گروه سرمایه گذاری میراث فرهنگی,4.67E+16,303,IRO3IMFZ0001,IRO3IMFZ0008,هتل و رستوران,55,2023-08-31T05:42:36.230Z,55,0
1150,نطرین,عطرین نخ قم,6.47E+16,303,IRO3ANQZ0001,IRO3ANQZ0002,منسوجات,17,2023-08-31T05:42:36.382Z,17,0
1154,سیلام,سیمان‌ ایلام‌,1.46E+16,300,IRO1SEIL0001,IRO1SEIL0001,"سيمان، آهك و گچ",53,2023-08-31T05:42:36.667Z,53,0
1156,سمازن,سیمان‌مازندران‌,3.38E+16,300,IRO1SMAZ0001,IRO1SMAZ0003,"سيمان، آهك و گچ",53,2023-08-31T05:42:36.812Z,53,0
1158,تکمبا,کمباین‌ سازی ایران‌,3.07E+16,300,IRO1COMB0001,IRO1COMB0003,ماشين آلات و تجهيزات,29,2023-08-31T05:42:36.948Z,29,0
1160,بالاس,مهندسی ساختمان تاسیسات راه آهن,8.65E+15,303,IRO3BLSZ0001,IRO3BLSZ0001,پيمانكاري صنعتي,45,2023-08-31T05:42:37.100Z,45,0
1162,وملت,سرمایه گذاری ملت,1.01E+16,309,IRO7MIVP0001,IRO7MIVP0006,سرمايه گذاريها,56,2023-08-31T05:42:37.229Z,56,0
1168,زاگرس,پتروشیمی زاگرس,1.32E+16,303,IRO3PZGZ0001,IRO3PZGZ0003,محصولات شيميايي,44,2023-08-31T05:42:37.648Z,44,0
1172,شساخت,مهندسی و ساختمان صنایع نفت,1.53E+16,309,IRO7OECP0001,IRO7OECP0001,استخراج نفت گاز و خدمات جنبي جز اكتشاف,11,2023-08-31T05:42:37.911Z,11,0
1182,ونیکی,سرمایه‌گذاری ملیایران‌,2.53E+16,300,IRO1NIKI0001,IRO1NIKI0003,شركتهاي چند رشته اي صنعتي,39,2023-08-31T05:42:38.597Z,39,0
1184,خشرق,الکتریک‌ خودرو شرق‌,6.39E+16,300,IRO1KHSH0001,IRO1KHSH0000,خودرو و ساخت قطعات,34,2023-08-31T05:42:38.740Z,34,0
1188,کگهر,سنگ آهن گهرزمین,3.07E+16,303,IRO3GZIZ0001,IRO3GZIZ0002,استخراج كانه هاي فلزي,13,2023-08-31T05:42:39.021Z,13,0
1192,فسبزوار,پارس فولاد سبزوار,3.73E+16,300,IRO1FSBZ0001,IRO1FSBZ0001,فلزات اساسي,27,2023-08-31T05:42:39.303Z,27,0
1194,ارفع,شرکت آهن و فولاد ارفع,5.93E+16,303,IRO3ARFZ0001,IRO3ARFZ0001,فلزات اساسي,27,2023-08-31T05:42:39.452Z,27,0
1198,خکاوه,سایپا دیزل,6.48E+16,309,IRO7SDLP0001,IRO7SDLP0007,خودرو و ساخت قطعات,34,2023-08-31T05:42:39.698Z,34,0
1200,ملت,بیمه ملت,1.36E+16,300,IRO1BMEL0001,IRO1BMEL0004,بيمه وصندوق بازنشستگي به جزتامين اجتماعي,66,2023-08-31T05:42:39.814Z,66,0
1205,حآسا,آسیا سیر ارس,4.46E+16,303,IRO3ASAZ0001,IRO3ASAZ0005,"حمل ونقل، انبارداري و ارتباطات",60,2023-08-31T05:42:40.332Z,60,0
1207,شتران,پالایش نفت تهران,5.16E+16,300,IRO1PTEH0001,IRO1PTEH0007,"فراورده هاي نفتي، كك و سوخت هسته اي",23,2023-08-31T05:42:40.495Z,23,0
1209,ساینا,صنایع بهداشتی ساینا,6.43E+16,303,IRO3SYNZ0001,IRO3SYNZ0002,محصولات شيميايي,44,2023-08-31T05:42:40.648Z,44,0
1211,وفتخار,سرمایه گذاری افتخار سهام,2.71E+16,309,IRO7EFSP0001,IRO7EFSP0004,سرمايه گذاريها,56,2023-08-31T05:42:40.770Z,56,0
1213,واعتبار,سرمایه گذاری اعتبار ایران,4.78E+16,300,IRO1IDOC0001,IRO1IDOC0007,سرمايه گذاريها,56,2023-08-31T05:42:40.947Z,56,0
1223,شکربن,کربن‌ ایران‌,2.73E+16,300,IRO1CRBN0001,IRO1CRBN0009,محصولات شيميايي,44,2023-08-31T05:42:41.774Z,44,0
1225,والماس,س. الماس حکمت ایرانیان,3.63E+16,303,IRO3AHIZ0001,IRO3AHIZ0000,سرمايه گذاريها,56,2023-08-31T05:42:41.924Z,56,0
1227,دالبر,البرزدارو,6.05E+16,300,IRO1DALZ0001,IRO1DALZ0001,مواد و محصولات دارويي,43,2023-08-31T05:42:42.082Z,43,0
1229,نوین,بیمه نوین,5.99E+16,303,IRO3BNOP0001,IRO3BNOP0005,بيمه وصندوق بازنشستگي به جزتامين اجتماعي,66,2023-08-31T05:42:42.447Z,66,0
1235,تفیرو,مهندسی فیروزا,4.51E+16,309,IRO7FROP0001,IRO7FROP0003,ماشين آلات و تجهيزات,29,2023-08-31T05:42:42.975Z,29,0
1237,حکشتی2,کشتیرانی جمهوری اسلامی ایران,9.09E+15,300,IRO1KSHJ0002,IRO1KSHJ0008,"حمل ونقل، انبارداري و ارتباطات",60,2023-08-31T05:42:43.087Z,60,0
1239,سامان,بانک سامان,3.82E+16,309,IRO7BSAP0001,IRO7BSAP0002,بانكها و موسسات اعتباري,57,2023-08-31T05:42:43.211Z,57,0
1243,پردیس,سرمایه گذاری پردیس,1.50E+16,300,IRO1AYEG0001,IRO1AYEG0008,سرمايه گذاريها,56,2023-08-31T05:42:43.494Z,56,0
1245,بنو,بیمه تجارت نو,5.45E+16,303,IRO3TNIZ0001,IRO3TNIZ0001,بيمه وصندوق بازنشستگي به جزتامين اجتماعي,66,2023-08-31T05:42:43.663Z,66,0
1247,وهور,مدیریت انرژی امید  تابان هور,2.52E+16,303,IRO3HORZ0001,IRO3HORZ0003,"عرضه برق، گاز، بخاروآب گرم",40,2023-08-31T05:42:43.813Z,40,0
1253,واحیا,م .صنایع و معادن احیاء سپاهان,1.73E+16,309,IRO7VHYP0001,IRO7VHYP0003,سرمايه گذاريها,56,2023-08-31T05:42:44.216Z,56,0
1257,وساخت,سرمایه‌ گذاری ساختمان‌ایران‌,2.55E+16,300,IRO1SAKH0001,IRO1SAKH0007,"انبوه سازي، املاك و مستغلات",70,2023-08-31T05:42:44.729Z,70,0
1259,دارو,کارخانجات‌داروپخش‌,6.80E+16,300,IRO1DPAK0001,IRO1DPAK0004,مواد و محصولات دارويي,43,2023-08-31T05:42:44.886Z,43,0
1261,آریا,پلیمر آریا ساسول,5.51E+16,303,IRO3APOZ0001,IRO3APOZ0002,محصولات شيميايي,44,2023-08-31T05:42:45.015Z,44,0
1263,تاتمس,کارخانجات صنعتی وتولیدی اتمسفر,3.55E+16,309,IRO7ATMP0001,IRO7ATMP0008,ماشين آلات و تجهيزات,29,2023-08-31T05:42:45.176Z,29,0
1267,ورنا,سرمایه‌گذاری رنا(هلدینگ‌,7.39E+15,300,IRO1RENA0001,IRO1RENA0008,خودرو و ساخت قطعات,34,2023-08-31T05:42:45.512Z,34,0
1273,قنیشا,قند  نیشابور,6.34E+16,300,IRO1GNBO0001,IRO1GNBO0008,قند و شكر,38,2023-08-31T05:42:45.861Z,38,0
1275,وطوبی,سرمایه گذاری اقتصاد شهر طوبی,3.96E+15,303,IRO3TOIZ0001,IRO3TOIZ0000,سرمايه گذاريها,56,2023-08-31T05:42:45.989Z,56,0
1279,خبهمن,گروه‌بهمن‌,2.68E+16,300,IRO1BHMN0001,IRO1BHMN0009,خودرو و ساخت قطعات,34,2023-08-31T05:42:46.304Z,34,0
1281,آسیا,بیمه آسیا,5.11E+16,300,IRO1ASIA0001,IRO1ASIA0008,بيمه وصندوق بازنشستگي به جزتامين اجتماعي,66,2023-08-31T05:42:46.494Z,66,0
1206,شبندر2,پالایش نفت بندرعباس,5.12E+16,300,IRO1PNBA0002,IRO1PNBA0003,"فراورده هاي نفتي، كك و سوخت هسته اي",23,2023-08-31T05:42:40.434Z,23,0
1208,کقزوی,شیشه‌ قزوین‌,6.35E+16,309,IRO7SHQP0001,IRO7SHQP0008,ساير محصولات كاني غيرفلزي,54,2023-08-31T05:42:40.588Z,54,0
1212,وپاسار2,بانک  پاسارگاد,1.28E+16,300,IRO1BPAS0002,IRO1BPAS0008,بانكها و موسسات اعتباري,57,2023-08-31T05:42:40.836Z,57,0
1220,دلقما,دارویی لقمان‌,2.92E+16,300,IRO1DLGM0001,IRO1DLGM0000,مواد و محصولات دارويي,43,2023-08-31T05:42:41.561Z,43,0
1222,شراز,پالایش نفت شیراز,1.40E+16,300,IRO1PRZZ0001,IRO1PRZZ0002,"فراورده هاي نفتي، كك و سوخت هسته اي",23,2023-08-31T05:42:41.687Z,23,0
1226,کباده,تولید خاک نسوزاستقلال آباده,5.60E+16,309,IRO7KBDP0001,IRO7KBDP0007,ساير محصولات كاني غيرفلزي,54,2023-08-31T05:42:41.984Z,54,0
1238,رفاه,فروشگاه های زنجیره ای رفاه,3.34E+16,309,IRO7REFP0001,IRO7REFP0005,"خرده فروشي،باستثناي وسايل نقليه موتوري",47,2023-08-31T05:42:43.140Z,47,0
1244,فارس2,صنایع پتروشیمی خلیج فارس,4.15E+16,300,IRO1PKLJ0002,IRO1PKLJ0005,محصولات شيميايي,44,2023-08-31T05:42:43.594Z,44,0
1248,خوساز,محورسازان‌ایران‌خودرو,3.19E+16,300,IRO1MESI0001,IRO1MESI0000,خودرو و ساخت قطعات,34,2023-08-31T05:42:43.873Z,34,0
1252,غکورش,صنعت غذایی کورش,6.24E+16,300,IRO1KRSH0001,IRO1KRSH0008,محصولات غذايي و آشاميدني به جز قند و شكر,42,2023-08-31T05:42:44.134Z,42,0
1254,فجام,جام‌دارو,3.08E+16,300,IRO1JAMD0001,IRO1JAMD0000,ساخت محصولات فلزي,28,2023-08-31T05:42:44.303Z,28,0
1260,شلیا,شرکت مواد ویژه لیا,2.60E+16,309,IRO7LIAZ0001,IRO7LIAZ0000,ساير محصولات كاني غيرفلزي,54,2023-08-31T05:42:44.950Z,54,0
1264,وشمال,س. چشم انداز توسعه شمال,9.76E+15,309,IRO7SHOP0001,IRO7SHOP0000,سرمايه گذاريها,56,2023-08-31T05:42:45.259Z,56,0
1270,قچار,فراوردههای غذایی وقند چهارمحال,2.36E+16,303,IRO3CHRZ0001,IRO3CHRZ0007,قند و شكر,38,2023-08-31T05:42:45.691Z,38,0
1272,کیسون,شرکت کیسون,5.00E+16,309,IRO7KSNP0001,IRO7KSNP0006,"انبوه سازي، املاك و مستغلات",70,2023-08-31T05:42:45.804Z,70,0
1278,وامین,س. امین توان آفرین ساز,2.38E+16,309,IRO7ATAP0001,IRO7ATAP0002,سرمايه گذاريها,56,2023-08-31T05:42:46.217Z,56,0
1282,غشاذر,پگاه‌آذربایجان‌غربی,5.99E+16,300,IRO1SHPZ0001,IRO1SHPZ0003,محصولات غذايي و آشاميدني به جز قند و شكر,42,2023-08-31T05:42:46.553Z,42,0
1286,رنیک,جنرال مکانیک,3.39E+16,303,IRO3GEMZ0001,IRO3GEMZ0001,خدمات فني و مهندسي,74,2023-08-31T05:42:46.869Z,74,0
1288,وسپه,سرمایه‌گذاری سپه‌,2.33E+15,300,IRO1SPAH0001,IRO1SPAH0002,سرمايه گذاريها,56,2023-08-31T05:42:47.021Z,56,0
1285,شبهرن2,نفت‌ بهران‌,2.85E+16,300,IRO1NBEH0002,IRO1NBEH0009,"فراورده هاي نفتي، كك و سوخت هسته اي",23,2023-08-31T05:42:46.789Z,23,0
1295,فتوسا,تولید و توسعه سرب روی ایرانیان,5.54E+16,303,IRO3ILZZ0001,IRO3ILZZ0005,فلزات اساسي,27,2023-08-31T05:42:47.491Z,27,0
1297,توسن,توسعه سامانه ی نرم افزاری نگین,6.63E+16,303,IRO3TOSZ0001,IRO3TOSZ0008,رايانه و فعاليت‌هاي وابسته به آن,72,2023-08-31T05:42:47.914Z,72,0
1299,شاراک,پتروشیمی شازند,7.71E+15,300,IRO1PARK0001,IRO1PARK0008,محصولات شيميايي,44,2023-08-31T05:42:48.047Z,44,0
1301,اوان,مبین وان کیش,6.98E+16,303,IRO3MOBZ0001,IRO3MOBZ0004,اطلاعات و ارتباطات,73,2023-08-31T05:42:48.193Z,73,0
1303,غگل,گلوکوزان‌,2.23E+16,300,IRO1GCOZ0001,IRO1GCOZ0003,محصولات غذايي و آشاميدني به جز قند و شكر,42,2023-08-31T05:42:48.343Z,42,0
1305,ویسا,سرمایه گذاری ایساتیس پویا,6.95E+16,309,IRO7ISTP0001,IRO7ISTP0004,سرمايه گذاريها,56,2023-08-31T05:42:48.508Z,56,0
1315,آباد,توریستی ورفاهی آبادگران ایران,5.96E+16,300,IRO1ABAD0001,IRO1ABAD0002,هتل و رستوران,55,2023-08-31T05:42:49.181Z,55,0
1319,شکف,کف,5.86E+16,309,IRO7KAFP0001,IRO7KAFP0006,محصولات شيميايي,44,2023-08-31T05:42:49.432Z,44,0
1323,لطیف,محصولات کاغذی لطیف,1.64E+16,303,IRO3LPCZ0001,IRO3LPCZ0003,محصولات كاغذي,21,2023-08-31T05:42:49.718Z,21,0
1325,تپسی,پیشگامان فن آوری و دانش آرامیس,3.84E+15,303,IRO3TASZ0001,IRO3TASZ0004,رايانه و فعاليت‌هاي وابسته به آن,72,2023-08-31T05:42:49.878Z,72,0
1333,کی بی سی,شرکت کی بی سی,6.30E+16,303,IRO3KBCZ0001,IRO3KBCZ0000,مواد و محصولات دارويي,43,2023-08-31T05:42:50.564Z,43,0
1337,سصفها,سیمان‌اصفهان‌,1.06E+16,300,IRO1SEFH0001,IRO1SEFH0000,"سيمان، آهك و گچ",53,2023-08-31T05:42:50.854Z,53,0
1341,قشهد,شهد,3.76E+16,300,IRO1GHND0001,IRO1GHND0005,قند و شكر,38,2023-08-31T05:42:51.162Z,38,0
1343,وفتخار2,سرمایه گذاری افتخار سهام,4.63E+16,309,IRO7EFSP0002,IRO7EFSP0004,سرمايه گذاريها,56,2023-08-31T05:42:51.274Z,56,0
1345,زپارس,ملی کشت و صنعت و دامپروری پارس,3.34E+16,300,IRO1ZPRS0001,IRO1ZPRS0001,زراعت و خدمات وابسته,1,2023-08-31T05:42:51.407Z,1,0
1351,خلنت,لنت‌ ترمزایران‌,1.50E+16,300,IRO1LENT0001,IRO1LENT0003,خودرو و ساخت قطعات,34,2023-08-31T05:42:51.844Z,34,0
1353,بایکا,کارخانجات کابلسازی ‌ایران‌,2.39E+16,309,IRO7KBLP0001,IRO7KBLP0007,ماشين آلات و دستگاه‌هاي برقي,31,2023-08-31T05:42:52.041Z,31,0
1355,وپست2,پست بانک ایران,7.37E+15,300,IRO1BPST0002,IRO1BPST0007,بانكها و موسسات اعتباري,57,2023-08-31T05:42:52.162Z,57,0
1357,فخوز,فولاد  خوزستان,2.89E+16,300,IRO1FKHZ0001,IRO1FKHZ0003,فلزات اساسي,27,2023-08-31T05:42:52.309Z,27,0
1361,فرآور,فرآوریموادمعدنیایران‌,4.09E+14,300,IRO1FRVR0001,IRO1FRVR0008,فلزات اساسي,27,2023-08-31T05:42:52.559Z,27,0
1367,حگردش,ریل گردش ایرانیان,5.33E+16,309,IRO7RGIP0001,IRO7RGIP0000,"حمل ونقل، انبارداري و ارتباطات",60,2023-08-31T05:42:52.930Z,60,0
1296,ولیز,لیزینگ ایران,5.68E+16,309,IRO7LZIN0001,IRO7LZIN0005,ساير واسطه گريهاي مالي,58,2023-08-31T05:42:47.823Z,58,0
1298,بکاب,صنایع‌جوشکاب‌یزد,7.02E+16,300,IRO1JOSH0001,IRO1JOSH0004,ماشين آلات و دستگاه‌هاي برقي,31,2023-08-31T05:42:47.973Z,31,0
1304,تشتاد,صنایع تولیدی اشتاد ایران‌,6.61E+16,309,IRO7ESHP0001,IRO7ESHP0002,خودرو و ساخت قطعات,34,2023-08-31T05:42:48.426Z,34,0
1306,وتوسم,سرمایه‌گذاریتوسعه‌ملی,1.75E+16,300,IRO1TMEL0001,IRO1TMEL0004,سرمايه گذاريها,56,2023-08-31T05:42:48.577Z,56,0
1314,آرمان,بیمه آرمان,3.87E+16,309,IRO7ARMP0001,IRO7ARMP0000,بيمه وصندوق بازنشستگي به جزتامين اجتماعي,66,2023-08-31T05:42:49.121Z,66,0
1316,خمحرکه,نیرو محرکه‌,3.94E+16,300,IRO1NMOH0001,IRO1NMOH0004,خودرو و ساخت قطعات,34,2023-08-31T05:42:49.238Z,34,0
1322,مدیریت,س. و خدمات مدیریت صند. ب کشوری,1.25E+16,303,IRO3ISMZ0001,IRO3ISMZ0003,سرمايه گذاريها,56,2023-08-31T05:42:49.662Z,56,0
1324,کبافق,معادن‌ بافق‌,4.33E+16,300,IRO1BAFG0001,IRO1BAFG0004,استخراج كانه هاي فلزي,13,2023-08-31T05:42:49.819Z,13,0
1326,چدن,تولیدی چدن سازان,1.23E+16,300,IRO1CHDN0001,IRO1CHDN0009,ساخت محصولات فلزي,28,2023-08-31T05:42:49.934Z,28,0
1328,دلر,داروسازی اکسیر,4.38E+15,300,IRO1EXIR0001,IRO1EXIR0008,مواد و محصولات دارويي,43,2023-08-31T05:42:50.089Z,43,0
1330,فروی,ذوب روی اصفهان,3.00E+16,303,IRO3IZSZ0001,IRO3IZSZ0008,فلزات اساسي,27,2023-08-31T05:42:50.232Z,27,0
1334,ولپارس,لیزینگ پارسیان,4.82E+16,300,IRO1LPRS0001,IRO1LPRS0007,ساير واسطه گريهاي مالي,58,2023-08-31T05:42:50.650Z,58,0
1336,ولصنم,لیزینگ‌صنعت‌ومعدن‌,7.17E+16,300,IRO1LSMD0001,IRO1LSMD0006,ساير واسطه گريهاي مالي,58,2023-08-31T05:42:50.796Z,58,0
1338,غنوش,نوش‌ مازندران‌,4.86E+16,300,IRO1NOSH0001,IRO1NOSH0008,محصولات غذايي و آشاميدني به جز قند و شكر,42,2023-08-31T05:42:50.911Z,42,0
1346,دزهراوی,داروسازیزهراوی,8.92E+15,300,IRO1DZAH0001,IRO1DZAH0007,مواد و محصولات دارويي,43,2023-08-31T05:42:51.492Z,43,0
1350,مادیرا,صنایع مادیران,1.59E+16,303,IRO3IOMZ0001,IRO3IOMZ0007,توليد محصولات كامپيوتري الكترونيكي ونوري,26,2023-08-31T05:42:51.769Z,26,0
1356,خمهر,مهرکام‌پارس‌,1.73E+16,300,IRO1MHKM0001,IRO1MHKM0009,خودرو و ساخت قطعات,34,2023-08-31T05:42:52.225Z,34,0
1360,مداران,داده‌پردازیایران‌,6.60E+16,300,IRO1DADE0001,IRO1DADE0006,رايانه و فعاليت‌هاي وابسته به آن,72,2023-08-31T05:42:52.502Z,72,0
1362,دکیمی,کیمیدارو,2.00E+16,300,IRO1KIMI0001,IRO1KIMI0004,مواد و محصولات دارويي,43,2023-08-31T05:42:52.618Z,43,0
1364,خچرخش,چرخشگر,3.38E+16,300,IRO1CHAR0001,IRO1CHAR0008,خودرو و ساخت قطعات,34,2023-08-31T05:42:52.767Z,34,0
1368,امین,تامین سرمایه امین,5.89E+16,300,IRO1TSAN0001,IRO1TSAN0000,فعاليتهاي كمكي به نهادهاي مالي واسط,67,2023-08-31T05:42:52.998Z,67,0
1370,فاسمین,کالسیمین‌,6.67E+16,300,IRO1KSIM0001,IRO1KSIM0002,فلزات اساسي,27,2023-08-31T05:42:53.135Z,27,0
1372,وثوق,سرمایه گذاری وثوق امین,5.98E+16,309,IRO7VOSP0001,IRO7VOSP0002,سرمايه گذاريها,56,2023-08-31T05:42:53.251Z,56,0
1374,تفارس,تامین سرمایه خلیج فارس,2.23E+16,309,IRO7PGOP0001,IRO7PGOP0004,فعاليتهاي كمكي به نهادهاي مالي واسط,67,2023-08-31T05:42:53.374Z,67,0
1376,سنیر,سیمان‌ سفید نیریز,1.42E+16,300,IRO1SSNR0001,IRO1SSNR0002,"سيمان، آهك و گچ",53,2023-08-31T05:42:53.495Z,53,0
1371,پلاست,کارخانجات تولیدی پلاستیران,5.26E+16,309,IRO7PLSP0001,IRO7PLSP0003,لاستيك و پلاستيك,25,2023-08-31T05:42:53.195Z,25,0
1373,آ س پ,آ.س.پ,1.76E+16,303,IRO3ASPZ0001,IRO3ASPZ0008,"انبوه سازي، املاك و مستغلات",70,2023-08-31T05:42:53.311Z,70,0
1375,بشهاب,لامپ‌  پارس‌ شهاب‌,6.95E+16,300,IRO1LAPS0001,IRO1LAPS0006,ماشين آلات و دستگاه‌هاي برقي,31,2023-08-31T05:42:53.436Z,31,0
1387,وغدیر,سرمایه‌گذاریغدیر(هلدینگ‌,2.60E+16,300,IRO1GDIR0001,IRO1GDIR0000,شركتهاي چند رشته اي صنعتي,39,2023-08-31T05:42:54.223Z,39,0
1395,بپاس,بیمه پاسارگاد,5.20E+16,303,IRO3BIPZ0001,IRO3BIPZ0009,بيمه وصندوق بازنشستگي به جزتامين اجتماعي,66,2023-08-31T05:42:54.820Z,66,0
1401,ثالوند,سرمایه گذاری مسکن الوند,1.67E+16,303,IRO3SLVZ0001,IRO3SLVZ0007,"انبوه سازي، املاك و مستغلات",70,2023-08-31T05:42:55.178Z,70,0
1403,وبصادر,بانک صادرات ایران,2.83E+16,300,IRO1BSDR0001,IRO1BSDR0003,بانكها و موسسات اعتباري,57,2023-08-31T05:42:55.347Z,57,0
1405,پارتا,مجتمع صنعتی آرتاویل تایر,7.20E+16,303,IRO3ARTZ0001,IRO3ARTZ0005,لاستيك و پلاستيك,25,2023-08-31T05:42:55.485Z,25,0
1409,کگل2,معدنی و صنعتی گل گهر,5.74E+16,300,IRO1GOLG0002,IRO1GOLG0005,استخراج كانه هاي فلزي,13,2023-08-31T05:42:55.792Z,13,0
1411,پخش,پخش البرز,1.26E+16,303,IRO3PKSH0001,IRO3PKSH0008,مواد و محصولات دارويي,43,2023-08-31T05:42:55.949Z,43,0
1417,فولای,صنایع فولاد آلیاژی یزد,1.48E+16,303,IRO3FAYZ0001,IRO3FAYZ0002,فلزات اساسي,27,2023-08-31T05:42:56.405Z,27,0
1419,تپمپی,پمپ‌ سازی ایران‌,4.31E+16,300,IRO1PIRN0001,IRO1PIRN0007,ماشين آلات و تجهيزات,29,2023-08-31T05:42:56.534Z,29,0
1423,کپرور,فرآوری زغال سنگ پروده طبس,2.29E+16,303,IRO3TBSZ0001,IRO3TBSZ0003,استخراج زغال سنگ,10,2023-08-31T05:42:56.799Z,10,0
1425,فرود,فولاد شاهرود,5.10E+16,303,IRO3SSTZ0001,IRO3SSTZ0004,فلزات اساسي,27,2023-08-31T05:42:56.923Z,27,0
1429,البرز,بیمه البرز,7.03E+16,300,IRO1BALB0001,IRO1BALB0001,بيمه وصندوق بازنشستگي به جزتامين اجتماعي,66,2023-08-31T05:42:57.225Z,66,0
1433,غاذر,کشت‌وصنعت‌پیاذر,3.52E+16,300,IRO1PIAZ0001,IRO1PIAZ0002,محصولات غذايي و آشاميدني به جز قند و شكر,42,2023-08-31T05:42:57.503Z,42,0
1441,سخاش,سیمان‌خاش‌,4.47E+15,300,IRO1SKHS0001,IRO1SKHS0007,"سيمان، آهك و گچ",53,2023-08-31T05:42:58.155Z,53,0
1443,فالوم,آلومتک‌,1.94E+16,309,IRO7ALTP0001,IRO7ALTP0009,فلزات اساسي,27,2023-08-31T05:42:58.274Z,27,0
1445,کپارس,کاشی پارس‌,9.70E+15,300,IRO1KPRS0001,IRO1KPRS0008,كاشي و سراميك,49,2023-08-31T05:42:58.441Z,49,0
1447,قیستو,شرکت قند بیستون,4.27E+15,309,IRO7BSOP0001,IRO7BSOP0006,قند و شكر,38,2023-08-31T05:42:58.621Z,38,0
1449,غشوکو,شوکو پارس,5.13E+16,309,IRO7SPRP0001,IRO7SPRP0007,محصولات غذايي و آشاميدني به جز قند و شكر,42,2023-08-31T05:42:58.775Z,42,0
1382,دسانکو,داروسازی سبحان انکولوژی,4.73E+16,303,IRO3DSNZ0001,IRO3DSNZ0007,مواد و محصولات دارويي,43,2023-08-31T05:42:53.905Z,43,0
1384,وتوسکا,سرمایه گذاری توسعه توکا,4.85E+16,309,IRO7TDIP0001,IRO7TDIP0001,سرمايه گذاريها,56,2023-08-31T05:42:54.017Z,56,0
1386,غصینو,صنعتی مینو,7.18E+16,303,IRO3MINZ0001,IRO3MINZ0008,محصولات غذايي و آشاميدني به جز قند و شكر,42,2023-08-31T05:42:54.144Z,42,0
1402,غالبر,لبنیات‌ کالبر,2.43E+16,300,IRO1KLBR0001,IRO1KLBR0001,محصولات غذايي و آشاميدني به جز قند و شكر,42,2023-08-31T05:42:55.262Z,42,0
1404,خزر,فنرسازیزر,3.28E+16,300,IRO1FNAR0001,IRO1FNAR0007,خودرو و ساخت قطعات,34,2023-08-31T05:42:55.420Z,34,0
1410,خصدرا,صنعتی دریایی ایران‌,2.32E+15,309,IRO7SDRP0001,IRO7SDRP0001,پيمانكاري صنعتي,45,2023-08-31T05:42:55.846Z,45,0
1412,چنوپا,نیوپان‌ 22 بهمن‌,4.30E+16,309,IRO7NEOP0001,IRO7NEOP0008,محصولات چوبي,20,2023-08-31T05:42:56.031Z,20,0
1414,دبالک,مواد اولیه دارویی البرز بالک,7.15E+16,303,IRO3BLKZ0001,IRO3BLKZ0009,مواد و محصولات دارويي,43,2023-08-31T05:42:56.186Z,43,0
1416,غگیلا,شیرپاستوریزه پگاه گیلان,5.73E+16,303,IRO3PEGZ0001,IRO3PEGZ0008,محصولات غذايي و آشاميدني به جز قند و شكر,42,2023-08-31T05:42:56.307Z,42,0
1418,شلعاب,لعابیران‌,3.91E+16,300,IRO1LEAB0001,IRO1LEAB0008,محصولات شيميايي,44,2023-08-31T05:42:56.465Z,44,0
1422,فمراد,آلومراد,1.80E+16,300,IRO1ALMR0001,IRO1ALMR0000,فلزات اساسي,27,2023-08-31T05:42:56.732Z,27,0
1424,ثزاگرس,سرمایه گذاری توسعه عمران زاگرس,2.89E+16,309,IRO7CZGP0001,IRO7CZGP0006,"انبوه سازي، املاك و مستغلات",70,2023-08-31T05:42:56.860Z,70,0
1426,پارسان,گسترش نفت و گاز پارسیان,2.34E+16,300,IRO1PASN0001,IRO1PASN0004,محصولات شيميايي,44,2023-08-31T05:42:57.007Z,56,0
1430,دپارس,پارس‌ دارو,7.05E+16,300,IRO1PDRO0001,IRO1PDRO0001,مواد و محصولات دارويي,43,2023-08-31T05:42:57.308Z,43,0
1432,شاراک2,پتروشیمی شازند,2.37E+16,300,IRO1PARK0002,IRO1PARK0008,محصولات شيميايي,44,2023-08-31T05:42:57.431Z,44,0
1438,شپدیس,پتروشیمی پردیس,2.06E+16,300,IRO1PRDZ0001,IRO1PRDZ0008,محصولات شيميايي,44,2023-08-31T05:42:57.913Z,44,0
1444,فبیرا,بسته‌ بندی ایران‌,4.94E+16,309,IRO7BIRP0001,IRO7BIRP0005,ساخت محصولات فلزي,28,2023-08-31T05:42:58.375Z,28,0
1446,کایتا,ایتالران‌,4.56E+16,309,IRO7ITLP0001,IRO7ITLP0001,ساير محصولات كاني غيرفلزي,54,2023-08-31T05:42:58.542Z,54,0
1448,کساوه,صنایع‌ کاشی و سرامیک‌ سینا,2.50E+16,300,IRO1SINA0001,IRO1SINA0003,كاشي و سراميك,49,2023-08-31T05:42:58.680Z,49,0
1450,هجرت,پخش هجرت,5.32E+15,303,IRO3HEDZ0001,IRO3HEDZ0001,مواد و محصولات دارويي,43,2023-08-31T05:42:58.864Z,43,0
1456,ذوب,ذوب آهن اصفهان,7.15E+16,300,IRO1ZOBI0001,IRO1ZOBI0002,فلزات اساسي,27,2023-08-31T05:42:59.294Z,27,0
1458,ثنوسا,نوسازیوساختمان‌تهران‌,3.28E+16,300,IRO1NSTH0001,IRO1NSTH0003,"انبوه سازي، املاك و مستغلات",70,2023-08-31T05:42:59.443Z,70,0
1455,ثپردیس,سرمایه گذاری مسکن پردیس,5.40E+16,303,IRO3MPRZ0001,IRO3MPRZ0005,"انبوه سازي، املاك و مستغلات",70,2023-08-31T05:42:59.199Z,70,0
1461,سآبیک2,سیمان آبیک,3.57E+16,300,IRO1ABIK0002,IRO1ABIK0005,"سيمان، آهك و گچ",53,2023-08-31T05:42:59.641Z,53,0
1463,ساروم,سیمان‌ارومیه‌,1.59E+16,300,IRO1SURO0001,IRO1SURO0007,"سيمان، آهك و گچ",53,2023-08-31T05:42:59.779Z,53,0
1465,تلیسه,دامداری تلیسه نمونه,4.18E+16,303,IRO3TLIZ0001,IRO3TLIZ0003,زراعت و خدمات وابسته,1,2023-08-31T05:42:59.927Z,1,0
1467,گکوثر,هتل پارسیان کوثر اصفهان,6.66E+16,303,IRO3PKHZ0001,IRO3PKHZ0009,هتل و رستوران,55,2023-08-31T05:43:00.085Z,55,0
1473,فجر,فولاد امیرکبیرکاشان,4.13E+16,300,IRO1FAJR0001,IRO1FAJR0003,فلزات اساسي,27,2023-08-31T05:43:00.505Z,27,0
1475,سغدیر,توسعه سرمایه و صنعت غدیر,2.11E+16,303,IRO3GHIZ0001,IRO3GHIZ0004,"سيمان، آهك و گچ",53,2023-08-31T05:43:00.707Z,53,0
1479,وآفر,سرمایه گذاری ارزش آفرینان,4.60E+16,309,IRO7AFRP0001,IRO7AFRP0009,سرمايه گذاريها,56,2023-08-31T05:43:00.972Z,56,0
1487,بکهنوج,تولید برق ماهتاب کهنوج,7.63E+15,303,IRO3KAHZ0001,IRO3KAHZ0006,"عرضه برق، گاز، بخاروآب گرم",40,2023-08-31T05:43:01.568Z,40,0
1495,شستا,سرمایه گذاری تامین اجتماعی,2.40E+15,300,IRO1TAMN0001,IRO1TAMN0006,شركتهاي چند رشته اي صنعتي,39,2023-08-31T05:43:02.128Z,39,0
1503,شستا2,سرمایه گذاری تامین اجتماعی,4.59E+15,300,IRO1TAMN0002,IRO1TAMN0006,شركتهاي چند رشته اي صنعتي,39,2023-08-31T05:43:02.739Z,39,0
1507,داوه,داروسازی آوه سینا,5.31E+15,303,IRO3AVLZ0001,IRO3AVLZ0007,مواد و محصولات دارويي,43,2023-08-31T05:43:02.998Z,43,0
1513,وپخش,داروپخش‌ (هلدینگ‌,7.18E+15,300,IRO1DARO0001,IRO1DARO0008,مواد و محصولات دارويي,43,2023-08-31T05:43:03.414Z,43,0
1515,ثاصفا,شرکت‌ ساختمان‌ اصفهان‌,7.50E+15,309,IRO7SESP0001,IRO7SESP0009,"انبوه سازي، املاك و مستغلات",70,2023-08-31T05:43:03.572Z,70,0
1525,گدنا,تهیه توزیع غذای دنا آفرین فدک,1.01E+16,303,IRO3DCAZ0001,IRO3DCAZ0000,هتل و رستوران,55,2023-08-31T05:43:04.311Z,55,0
1529,وسکاب,س.ص.بازنشستگی کارکنان بانکها,1.13E+16,300,IRO1SKBV0001,IRO1SKBV0008,سرمايه گذاريها,56,2023-08-31T05:43:04.647Z,56,0
1535,وبشهر,توسعه‌ صنایع‌ بهشهر(هلدینگ,1.39E+16,300,IRO1TSBE0001,IRO1TSBE0000,محصولات غذايي و آشاميدني به جز قند و شكر,42,2023-08-31T05:43:05.131Z,42,0
1468,فسا,پتروشیمی فسا,3.18E+14,309,IRO7PFSP0001,IRO7PFSP0001,محصولات شيميايي,44,2023-08-31T05:43:00.155Z,44,0
1470,فسازان,غلتک سازان سپاهان,1.29E+16,300,IRO1FSAZ0001,IRO1FSAZ0002,فلزات اساسي,27,2023-08-31T05:43:00.275Z,27,0
1474,نشار,کارخانجات پشمبافی افشار یزد,4.91E+16,309,IRO7KPAP0001,IRO7KPAP0004,منسوجات,17,2023-08-31T05:43:00.611Z,17,0
1480,فنورد,نوردوقطعات‌ فولادی,5.63E+16,300,IRO1NGFO0001,IRO1NGFO0004,فلزات اساسي,27,2023-08-31T05:43:01.033Z,27,0
1484,غفارس,شیر پاستوریزه پگاه فارس,1.64E+16,303,IRO3GFRZ0001,IRO3GFRZ0005,محصولات غذايي و آشاميدني به جز قند و شكر,42,2023-08-31T05:43:01.327Z,42,0
1486,نوری2,پتروشیمی نوری,5.98E+16,300,IRO1NORI0002,IRO1NORI0008,محصولات شيميايي,44,2023-08-31T05:43:01.502Z,44,0
1488,کزغال,زغال سنگ پروده طبس,2.83E+16,303,IRO3TPCZ0001,IRO3TPCZ0005,استخراج زغال سنگ,10,2023-08-31T05:43:01.666Z,10,0
1490,ثنام,س ساختمانی ب نام آوران مهندسی,8.31E+14,309,IRO7CNAP0001,IRO7CNAP0006,"انبوه سازي، املاك و مستغلات",70,2023-08-31T05:43:01.807Z,70,0
1500,سفانو,سیمان فارس نو,4.53E+15,300,IRO1SFNO0001,IRO1SFNO0000,"سيمان، آهك و گچ",53,2023-08-31T05:43:02.513Z,53,0
1506,لپارس,پارس‌ الکتریک‌,5.19E+15,300,IRO1PELC0001,IRO1PELC0000,ساخت دستگاه‌ها و وسايل ارتباطي,32,2023-08-31T05:43:02.924Z,32,0
1508,زفکا,کشت و دامداری فکا,5.43E+15,303,IRO3FAAZ0001,IRO3FAAZ0000,زراعت و خدمات وابسته,1,2023-08-31T05:43:03.059Z,1,0
1510,شگویا,پتروشیمی تندگویان,5.99E+15,303,IRO3TPEZ0001,IRO3TPEZ0003,محصولات شيميايي,44,2023-08-31T05:43:03.213Z,44,0
1514,خمحور,تولیدمحورخودرو,7.46E+15,300,IRO1TMKH0001,IRO1TMKH0002,خودرو و ساخت قطعات,34,2023-08-31T05:43:03.509Z,34,0
1520,کطبس,ذغال‌سنگ‌ نگین‌ ط‌بس‌,8.98E+15,300,IRO1TBAS0001,IRO1TBAS0004,استخراج زغال سنگ,10,2023-08-31T05:43:03.885Z,10,0
1524,پارسیان,بیمه پارسیان,9.48E+15,300,IRO1IPAR0001,IRO1IPAR0002,بيمه وصندوق بازنشستگي به جزتامين اجتماعي,66,2023-08-31T05:43:04.205Z,66,0
1526,سیتا,سرمایه گذاری سیمان تامین,1.02E+16,300,IRO1SITA0001,IRO1SITA0007,"سيمان، آهك و گچ",53,2023-08-31T05:43:04.411Z,53,0
1528,قاروم,قند ارومیه,1.08E+16,309,IRO7GHUP0001,IRO7GHUP0006,قند و شكر,38,2023-08-31T05:43:04.561Z,38,0
1532,وحکمت,بیمه حکمت صبا,1.28E+16,309,IRO7HSIP0001,IRO7HSIP0008,بيمه وصندوق بازنشستگي به جزتامين اجتماعي,66,2023-08-31T05:43:04.909Z,66,0
1544,آینده,بازرگانی آینده سازان بهشت پارس,1.79E+16,309,IRO7BHEP0001,IRO7BHEP0001,زراعت و خدمات وابسته,1,2023-08-31T05:43:05.820Z,1,0
1546,دتولید,داروسازی تولید دارو,1.81E+16,303,IRO3DTDZ0001,IRO3DTDZ0008,مواد و محصولات دارويي,43,2023-08-31T05:43:05.982Z,43,0
1541,سفارس,سیمان فارس و خوزستان,1.55E+16,300,IRO1SFKZ0001,IRO1SFKZ0000,"سيمان، آهك و گچ",53,2023-08-31T05:43:05.612Z,53,0
1545,ثغرب,شرکت سرمایه گذاری مسکن شمالغرب,1.79E+16,303,IRO3CGRZ0001,IRO3CGRZ0008,"انبوه سازي، املاك و مستغلات",70,2023-08-31T05:43:05.888Z,70,0
1549,شصفها,پتروشیمی اصفهان‌,1.83E+16,309,IRO7PESP0001,IRO7PESP0002,محصولات شيميايي,44,2023-08-31T05:43:06.158Z,44,0
1559,فسدید,لوله‌وتجهیزات‌ سدید - ورشکسته,2.10E+16,309,IRO7LSDP0001,IRO7LSDP0007,فلزات اساسي,27,2023-08-31T05:43:06.907Z,27,0
1561,استقلال,استقلال,2.23E+16,309,IRO7ESLP0001,IRO7ESLP0006,فعاليتهاي فرهنگي و ورزشي,93,2023-08-31T05:43:07.040Z,93,0
1565,ولغدر,لیزینگ‌خودروغدیر,2.31E+16,300,IRO1LKGH0001,IRO1LKGH0008,ساير واسطه گريهاي مالي,58,2023-08-31T05:43:07.348Z,58,0
1567,دکوثر,داروسازی کوثر,2.34E+16,300,IRO1DKSR0001,IRO1DKSR0002,مواد و محصولات دارويي,43,2023-08-31T05:43:07.520Z,43,0
1569,پدرخش,درخشان‌ تهران‌,2.41E+16,300,IRO1DRKH0001,IRO1DRKH0005,لاستيك و پلاستيك,25,2023-08-31T05:43:07.656Z,25,0
1571,سباقر,سیمان باقران,2.48E+16,309,IRO7CBBP0001,IRO7CBBP0009,"سيمان، آهك و گچ",53,2023-08-31T05:43:07.795Z,53,0
1581,سجام,مجتمع سیمان غرب آسیا,2.83E+16,303,IRO3SASP0001,IRO3SASP0007,"سيمان، آهك و گچ",53,2023-08-31T05:43:08.525Z,53,0
1583,کاسپین,داروسازی کاسپین تامین,2.84E+16,303,IRO3KSPZ0001,IRO3KSPZ0006,مواد و محصولات دارويي,43,2023-08-31T05:43:08.667Z,43,0
1599,غگرجی,بیسکویت‌  گرجی,3.10E+16,300,IRO1GORJ0001,IRO1GORJ0006,محصولات غذايي و آشاميدني به جز قند و شكر,42,2023-08-31T05:43:09.771Z,42,0
1609,برکت,گروه دارویی برکت,3.46E+16,300,IRO1BRKT0001,IRO1BRKT0003,مواد و محصولات دارويي,43,2023-08-31T05:43:10.499Z,56,0
1615,قتربت,قند تربت حیدریه,3.55E+16,309,IRO7TSUP0001,IRO7TSUP0008,قند و شكر,38,2023-08-31T05:43:10.886Z,38,0
1550,امید,تامین سرمایه امید,1.86E+16,300,IRO1OMID0001,IRO1OMID0005,فعاليتهاي كمكي به نهادهاي مالي واسط,67,2023-08-31T05:43:06.242Z,67,0
1552,ثرود,سرمایه‌گذاری مسکن زاینده رود,1.89E+16,303,IRO3ZNDZ0001,IRO3ZNDZ0008,"انبوه سازي، املاك و مستغلات",70,2023-08-31T05:43:06.407Z,70,0
1558,فاراک,ماشین‌ سازی اراک‌,2.09E+16,300,IRO1MARK0001,IRO1MARK0001,ساخت محصولات فلزي,28,2023-08-31T05:43:06.855Z,28,0
1560,بموتو,موتوژن‌,2.21E+16,300,IRO1MOTJ0001,IRO1MOTJ0006,ماشين آلات و دستگاه‌هاي برقي,31,2023-08-31T05:43:06.971Z,31,0
1562,تمحرکه,ماشین سازی نیرو محرکه,2.24E+16,309,IRO7NMTP0001,IRO7NMTP0003,ماشين آلات و تجهيزات,29,2023-08-31T05:43:07.105Z,29,0
1568,کتوسعه,توسعه صنایع و معادن کوثر,2.34E+16,303,IRO3KOMZ0001,IRO3KOMZ0003,استخراج ساير معادن,14,2023-08-31T05:43:07.584Z,14,0
1570,وپویا,سرمایه گذاری پویا,2.48E+16,303,IRO3PIVZ0001,IRO3PIVZ0005,سرمايه گذاريها,56,2023-08-31T05:43:07.742Z,56,0
1580,رکیش,کارت اعتباری ایران کیش,2.80E+16,300,IRO1RKSH0001,IRO1RKSH0008,رايانه و فعاليت‌هاي وابسته به آن,72,2023-08-31T05:43:08.449Z,72,0
1582,وبوعلی,سرمایه‌گذاریبوعلی,2.83E+16,300,IRO1BALI0001,IRO1BALI0004,سرمايه گذاريها,56,2023-08-31T05:43:08.608Z,56,0
1629,قصفها,قنداصفهان‌,4.04E+16,300,IRO1GESF0001,IRO1GESF0001,قند و شكر,38,2023-08-31T05:43:11.851Z,38,0
1631,شدوص,دوده‌ صنعتی پارس‌,4.06E+16,300,IRO1DODE0001,IRO1DODE0000,محصولات شيميايي,44,2023-08-31T05:43:11.981Z,44,0
1635,خاذین,سایپاآذین‌,4.21E+16,300,IRO1AZIN0001,IRO1AZIN0004,خودرو و ساخت قطعات,34,2023-08-31T05:43:12.274Z,34,0
1639,غبشهر,صنعتی بهشهر,4.24E+16,300,IRO1SBEH0001,IRO1SBEH0004,محصولات غذايي و آشاميدني به جز قند و شكر,42,2023-08-31T05:43:12.590Z,42,0
1642,زکوثر,سرمایه گذاری کشاورزی کوثر,4.26E+16,300,IRO1KOSR0001,IRO1KOSR0009,زراعت و خدمات وابسته,1,2023-08-31T05:43:12.805Z,1,0
1647,پشاهن,تولیدی پلاستیک‌ شاهین,4.41E+16,309,IRO7SHIP0001,IRO7SHIP0008,لاستيك و پلاستيك,25,2023-08-31T05:43:13.144Z,25,0
1650,قثابت,قند ثابت‌ خراسان‌,4.50E+16,300,IRO1GSBE0001,IRO1GSBE0005,قند و شكر,38,2023-08-31T05:43:13.328Z,38,0
1657,ونوین,بانک‌اقتصادنوین‌,4.73E+16,300,IRO1NOVN0001,IRO1NOVN0005,بانكها و موسسات اعتباري,57,2023-08-31T05:43:13.798Z,57,0
1661,وبانک,سرمایه گذاری گروه توسعه ملی,4.80E+16,300,IRO1BANK0001,IRO1BANK0008,شركتهاي چند رشته اي صنعتي,39,2023-08-31T05:43:14.117Z,39,0
1663,ولبهمن,شرکت بهمن لیزینگ,4.83E+16,303,IRO3BHLZ0001,IRO3BHLZ0004,ساير واسطه گريهاي مالي,58,2023-08-31T05:43:14.269Z,58,0
1669,خلیبل,مالیبل سایپا,5.01E+16,309,IRO7LIBP0001,IRO7LIBP0001,خودرو و ساخت قطعات,34,2023-08-31T05:43:14.699Z,34,0
1673,تابا,تابان نیرو سپاهان,5.15E+16,309,IRO7TABP0001,IRO7TABP0001,خدمات فني و مهندسي,74,2023-08-31T05:43:14.962Z,74,0
1683,فروس,فروسیلیس‌ ایران‌,5.44E+16,300,IRO1FRIS0001,IRO1FRIS0004,فلزات اساسي,27,2023-08-31T05:43:15.659Z,27,0
1693,خموتور,موتورسازان‌تراکتورسازیایران‌,5.73E+16,300,IRO1MSTI0001,IRO1MSTI0003,خودرو و ساخت قطعات,34,2023-08-31T05:43:16.349Z,34,0
1695,وصنعت,سرمایه گذاری توسعه صنعت وتجارت,5.73E+16,300,IRO1SNMA0001,IRO1SNMA0007,سرمايه گذاريها,56,2023-08-31T05:43:16.499Z,56,0
1707,فلات,گروه صنایع معادن فلات ایرانیان,6.06E+16,309,IRO7FLTP0001,IRO7FLTP0004,سرمايه گذاريها,56,2023-08-31T05:43:17.331Z,56,0
1711,غشصفا,شیرپاستوریزه‌پگاه‌اصفهان‌,6.15E+16,300,IRO1SPPE0001,IRO1SPPE0008,محصولات غذايي و آشاميدني به جز قند و شكر,42,2023-08-31T05:43:17.664Z,42,0
1719,سدبیر,س. تدبیرگران فارس وخوزستان,6.43E+16,303,IRO3DBRZ0001,IRO3DBRZ0002,سرمايه گذاريها,56,2023-08-31T05:43:18.283Z,56,0
1721,لخزر,پارس‌ خزر,6.54E+16,300,IRO1KHAZ0001,IRO1KHAZ0008,ماشين آلات و تجهيزات,29,2023-08-31T05:43:18.426Z,29,0
1725,ولانا,شرکت لیزینگ آریا دانا,6.68E+16,309,IRO7VLNP0001,IRO7VLNP0000,ساير واسطه گريهاي مالي,58,2023-08-31T05:43:18.766Z,58,0
1729,ثباغ,شهر سازی و خانه سازی باغمیشه,6.89E+16,303,IRO3BGHZ0001,IRO3BGHZ0001,"انبوه سازي، املاك و مستغلات",70,2023-08-31T05:43:19.080Z,70,0
1733,فروژ,صنایع فروآلیاژ ایران,6.98E+16,303,IRO3IFIZ0001,IRO3IFIZ0004,فلزات اساسي,27,2023-08-31T05:43:19.367Z,27,0
1735,سآبیک,سیمان آبیک,7.09E+16,300,IRO1ABIK0001,IRO1ABIK0005,"سيمان، آهك و گچ",53,2023-08-31T05:43:19.524Z,53,0
2221,فنفت,صنایع تجهیزات نفت,5.93E+16,309,IRO7PEIZ0001,IRO7PEIZ0002,فلزات اساسي,27,2023-10-17T18:02:11.377Z,56,0
1654,دقاضی,داروسازی شهید قاضی,4.68E+16,303,IRO3GPHP0001,IRO3GPHP0007,مواد و محصولات دارويي,43,2023-08-31T05:43:13.564Z,43,0
1656,وصنا,گروه‌صنایع‌بهشهرایران‌,4.70E+16,300,IRO1GBEH0001,IRO1GBEH0008,سرمايه گذاريها,56,2023-08-31T05:43:13.741Z,56,0
1658,وخاور,بانک خاورمیانه,4.73E+16,300,IRO1BKHZ0001,IRO1BKHZ0007,بانكها و موسسات اعتباري,57,2023-08-31T05:43:13.865Z,57,0
1664,شبریز,پالایش نفت تبریز,4.88E+16,300,IRO1PNTB0001,IRO1PNTB0002,"فراورده هاي نفتي، كك و سوخت هسته اي",23,2023-08-31T05:43:14.354Z,23,0
1666,کفرآور,فرآورده های سیمان شرق,4.96E+16,309,IRO7KFRP0001,IRO7KFRP0007,ساير محصولات كاني غيرفلزي,54,2023-08-31T05:43:14.469Z,54,0
1668,دامین,داروسازی امین‌,5.01E+16,300,IRO1AMIN0001,IRO1AMIN0009,مواد و محصولات دارويي,43,2023-08-31T05:43:14.639Z,43,0
1676,تکاردان,تامین سرمایه کاردان,5.29E+16,300,IRO1KRDN0001,IRO1KRDN0007,فعاليتهاي كمكي به نهادهاي مالي واسط,67,2023-08-31T05:43:15.158Z,67,0
1678,وارس,سرمایه گذاری ارس صبا,5.37E+16,309,IRO7ARSP0001,IRO7ARSP0004,سرمايه گذاريها,56,2023-08-31T05:43:15.305Z,56,0
1682,فسرب,ملی سرب‌وروی ایران‌,5.43E+16,300,IRO1SORB0001,IRO1SORB0000,فلزات اساسي,27,2023-08-31T05:43:15.586Z,27,0
1698,کایزد,فرانسوز یزد,5.88E+16,303,IRO3YAFZ0001,IRO3YAFZ0002,ساير محصولات كاني غيرفلزي,54,2023-08-31T05:43:16.689Z,54,0
1702,گنگین,اقتصادی نگین گردشگری ایرانیان,5.95E+16,309,IRO7NITP0001,IRO7NITP0009,هتل و رستوران,55,2023-08-31T05:43:16.979Z,55,0
1704,کاوه,فولاد کاوه جنوب کیش,6.04E+16,300,IRO1KVEH0001,IRO1KVEH0008,فلزات اساسي,27,2023-08-31T05:43:17.107Z,27,0
1712,سلار,شرکت سیمان لارستان,6.17E+16,309,IRO7LARP0001,IRO7LARP0001,"سيمان، آهك و گچ",53,2023-08-31T05:43:17.738Z,53,0
1716,لابسا,آبسال‌,6.34E+16,300,IRO1ASAL0001,IRO1ASAL0003,ماشين آلات و تجهيزات,29,2023-08-31T05:43:18.075Z,29,0
1718,اپرداز,آتیه داده پرداز,6.38E+16,303,IRO3APDZ0001,IRO3APDZ0005,اطلاعات و ارتباطات,73,2023-08-31T05:43:18.203Z,73,0
1720,چفیبر,فیبر ایران‌,6.44E+16,300,IRO1FIBR0001,IRO1FIBR0003,محصولات چوبي,20,2023-08-31T05:43:18.367Z,20,0
1736,بگیلان,توسعه مسیر برق گیلان,7.11E+16,303,IRO3GEDZ0001,IRO3GEDZ0002,"عرضه برق، گاز، بخاروآب گرم",40,2023-08-31T05:43:19.629Z,40,0
1751,حتاید,تایدواترخاورمیانه,3.72E+15,300,IRO1TAYD0001,IRO1TAYD0004,"حمل ونقل، انبارداري و ارتباطات",60,2023-08-31T05:43:20.740Z,60,0
1755,غمینو,شرکت صنایع غذایی مینو شرق,5.52E+15,303,IRO3MNOZ0001,IRO3MNOZ0000,محصولات غذايي و آشاميدني به جز قند و شكر,42,2023-08-31T05:43:21.013Z,42,0
1757,وتعاون,بیمه تعاون,5.92E+15,303,IRO3TAVZ0001,IRO3TAVZ0009,بيمه وصندوق بازنشستگي به جزتامين اجتماعي,66,2023-08-31T05:43:21.454Z,66,0
1759,زکشت,کشاورزی مکانیزه اصفهان کشت,7.30E+15,303,IRO3IKAZ0001,IRO3IKAZ0005,زراعت و خدمات وابسته,1,2023-08-31T05:43:21.642Z,1,0
1761,شپنا,پالایش نفت اصفهان,7.75E+15,300,IRO1PNES0001,IRO1PNES0000,"فراورده هاي نفتي، كك و سوخت هسته اي",23,2023-08-31T05:43:21.772Z,23,0
1769,وپاسار,بانک  پاسارگاد,9.54E+15,300,IRO1BPAS0001,IRO1BPAS0008,بانكها و موسسات اعتباري,57,2023-08-31T05:43:22.299Z,57,0
1783,خریخت,صنایع‌ریخته‌گریایران‌,1.28E+16,300,IRO1RIIR0001,IRO1RIIR0002,خودرو و ساخت قطعات,34,2023-08-31T05:43:23.221Z,34,0
1785,درهآور,دارویی ره آورد تامین,1.32E+16,303,IRO3RAPZ0001,IRO3RAPZ0009,مواد و محصولات دارويي,43,2023-08-31T05:43:23.343Z,43,0
1797,بمیلا,توسعه سرمایه گذاری میلاد پارس,1.66E+16,309,IRO7MILP0001,IRO7MILP0008,تجارت عمده فروشي به جز وسايل نقليه موتور,46,2023-08-31T05:43:24.150Z,46,0
1799,کچاد,معدنیوصنعتیچادرملو,1.80E+16,300,IRO1CHML0001,IRO1CHML0000,استخراج كانه هاي فلزي,13,2023-08-31T05:43:24.300Z,13,0
1801,غپینو,پارس‌ مینو,1.84E+16,300,IRO1MINO0001,IRO1MINO0003,محصولات غذايي و آشاميدني به جز قند و شكر,42,2023-08-31T05:43:24.438Z,42,0
1809,ثتران,سرمایه گذاری مسکن تهران,2.09E+16,303,IRO3PMTZ0001,IRO3PMTZ0003,"انبوه سازي، املاك و مستغلات",70,2023-08-31T05:43:26.023Z,70,0
1813,ختراک,ریخته‌گری تراکتورسازی ایران‌,2.29E+16,300,IRO1RTIR0001,IRO1RTIR0009,خودرو و ساخت قطعات,34,2023-08-31T05:43:27.262Z,34,0
1742,فملی2,ملی صنایع‌ مس‌ ایران‌,6.76E+14,300,IRO1MSMI0002,IRO1MSMI0000,فلزات اساسي,27,2023-08-31T05:43:20.069Z,27,0
1744,تجلی,تجلی توسعه معادن و فلزات,1.30E+15,303,IRO3TMMZ0001,IRO3TMMZ0006,استخراج كانه هاي فلزي,13,2023-08-31T05:43:20.223Z,13,0
1750,شوینده,مدیریت صنعت شوینده ت.ص.بهشهر,3.49E+15,300,IRO1SHOY0001,IRO1SHOY0005,محصولات شيميايي,44,2023-08-31T05:43:20.682Z,56,0
1758,غمهرا,تولیدیمهرام‌,6.13E+15,300,IRO1MRAM0001,IRO1MRAM0009,محصولات غذايي و آشاميدني به جز قند و شكر,42,2023-08-31T05:43:21.548Z,42,0
1768,وایرا,سرمایه گذاری صنایع ایران,9.14E+15,309,IRO7VIRP0001,IRO7VIRP0001,سرمايه گذاريها,56,2023-08-31T05:43:22.241Z,56,0
1770,پسهند,صنایع‌ لاستیکی  سهند,1.01E+16,300,IRO1SHND0001,IRO1SHND0001,لاستيك و پلاستيك,25,2023-08-31T05:43:22.383Z,25,0
1778,فخوز2,فولاد  خوزستان,1.22E+16,300,IRO1FKHZ0002,IRO1FKHZ0003,فلزات اساسي,27,2023-08-31T05:43:22.905Z,27,0
1784,ثقزوی,شرکت عمران و سازندگی قزوین,1.30E+16,309,IRO7QAZP0001,IRO7QAZP0006,"انبوه سازي، املاك و مستغلات",70,2023-08-31T05:43:23.282Z,70,0
1786,حسیر,ریل سیر کوثر,1.33E+16,303,IRO3RSKZ0001,IRO3RSKZ0004,"حمل ونقل، انبارداري و ارتباطات",60,2023-08-31T05:43:23.402Z,60,0
1790,غگلپا,شیر پاستوریزه پگاه گلپایگان,1.43E+16,303,IRO3PGPZ0001,IRO3PGPZ0005,محصولات غذايي و آشاميدني به جز قند و شكر,42,2023-08-31T05:43:23.683Z,42,0
1794,ثعمرا,عمران و توسعه شاهد,1.57E+16,303,IRO3OSHZ0001,IRO3OSHZ0002,"انبوه سازي، املاك و مستغلات",70,2023-08-31T05:43:23.971Z,70,0
1808,کسرام,پارس‌ سرام‌,2.06E+16,300,IRO1PSER0001,IRO1PSER0006,ساير محصولات كاني غيرفلزي,54,2023-08-31T05:43:25.963Z,54,0
1810,درازک,دارویی رازک‌,2.23E+16,300,IRO1DRZK0001,IRO1DRZK0003,مواد و محصولات دارويي,43,2023-08-31T05:43:27.023Z,43,0
1812,اخابر,مخابرات ایران,2.28E+16,300,IRO1MKBT0001,IRO1MKBT0008,مخابرات,64,2023-08-31T05:43:27.159Z,64,0
1814,خودکفا,اقتصادی و خودکفایی آزادگان,2.30E+16,309,IRO7KHDP0001,IRO7KHDP0001,محصولات غذايي و آشاميدني به جز قند و شكر,42,2023-08-31T05:43:28.134Z,42,0
1816,جوین,کشت و صنعت جوین,2.33E+16,309,IRO7JAIP0001,IRO7JAIP0006,زراعت و خدمات وابسته,1,2023-08-31T05:43:28.291Z,1,0
1827,جم پیلن,پلی پروپیلن جم - جم پیلن,2.71E+16,300,IRO1JPPC0001,IRO1JPPC0001,محصولات شيميايي,44,2023-08-31T05:43:29.169Z,44,0
1829,داراب,پتروشیمی داراب,2.73E+16,309,IRO7PDRP0001,IRO7PDRP0004,محصولات شيميايي,44,2023-08-31T05:43:29.367Z,44,0
1835,شپلی,پلی اکریل ایران,2.88E+16,309,IRO7POIP0001,IRO7POIP0002,محصولات شيميايي,44,2023-08-31T05:43:29.809Z,44,0
1837,کسعدی,کاشی سعدی,2.91E+16,300,IRO1KSAD0001,IRO1KSAD0001,كاشي و سراميك,49,2023-08-31T05:43:29.977Z,49,0
1853,غشان,شیرپاستوریزه‌پگاه‌خراسان‌,3.18E+16,300,IRO1SPKH0001,IRO1SPKH0000,محصولات غذايي و آشاميدني به جز قند و شكر,42,2023-08-31T05:43:31.147Z,42,0
1857,وپارس,بانک‌پارسیان‌,3.33E+16,300,IRO1BPAR0001,IRO1BPAR0009,بانكها و موسسات اعتباري,57,2023-08-31T05:43:31.433Z,57,0
1859,غپاک,لبنیات‌ پاک‌,3.40E+16,300,IRO1LPAK0001,IRO1LPAK0004,محصولات غذايي و آشاميدني به جز قند و شكر,42,2023-08-31T05:43:31.621Z,42,0
1861,سپاها,سیمان‌سپاهان‌,3.57E+16,300,IRO1SSEP0001,IRO1SSEP0005,"سيمان، آهك و گچ",53,2023-08-31T05:43:31.770Z,53,0
1875,ثاژن,سخت آژند,4.07E+16,309,IRO7SJAP0001,IRO7SJAP0004,"انبوه سازي، املاك و مستغلات",70,2023-08-31T05:43:32.731Z,70,0
1883,کویر,تولیدی فولاد سپید فراب کویر,4.35E+16,300,IRO1KVIR0001,IRO1KVIR0002,فلزات اساسي,27,2023-08-31T05:43:33.367Z,27,0
1885,شگل,گلتاش‌,4.42E+16,300,IRO1GTSH0001,IRO1GTSH0002,محصولات شيميايي,44,2023-08-31T05:43:33.500Z,44,0
1887,کالا,بورس کالای ایران,4.45E+16,300,IRO1KALA0001,IRO1KALA0001,فعاليتهاي كمكي به نهادهاي مالي واسط,67,2023-08-31T05:43:33.639Z,94,0
1828,سدور,سیمان‌ دورود,2.72E+16,300,IRO1SDOR0001,IRO1SDOR0008,"سيمان، آهك و گچ",53,2023-08-31T05:43:29.266Z,53,0
1844,ثفارس,عمران‌وتوسعه‌فارس‌,3.09E+16,300,IRO1OFRS0001,IRO1OFRS0006,"انبوه سازي، املاك و مستغلات",70,2023-08-31T05:43:30.513Z,70,0
1866,قشرین,قند شیرین خراسان,3.67E+16,309,IRO7SSUP0001,IRO7SSUP0009,قند و شكر,38,2023-08-31T05:43:32.162Z,38,0
1874,شرنگی,شیمیایی رنگین,4.00E+16,309,IRO7SHEP0001,IRO7SHEP0002,محصولات شيميايي,44,2023-08-31T05:43:32.666Z,44,0
1882,قمرو,قند مرودشت‌,4.33E+16,300,IRO1GMRO0001,IRO1GMRO0001,قند و شكر,38,2023-08-31T05:43:33.257Z,38,0
1884,خراسان,پتروشیمی خراسان,4.36E+16,300,IRO1KRSN0001,IRO1KRSN0000,محصولات شيميايي,44,2023-08-31T05:43:33.431Z,44,0
1888,دی,بانک دی,4.48E+16,303,IRO3BDYZ0001,IRO3BDYZ0003,بانكها و موسسات اعتباري,57,2023-08-31T05:43:33.728Z,57,0
1890,صبا,سرمایه گذاری صبا تامین,4.54E+16,303,IRO3STIZ0001,IRO3STIZ0006,سرمايه گذاريها,56,2023-08-31T05:43:33.870Z,56,0
1892,سپید,سپید ماکیان,4.55E+16,300,IRO1SPID0001,IRO1SPID0008,زراعت و خدمات وابسته,1,2023-08-31T05:43:34.020Z,1,0
1903,افق,فروشگاههای زنجیره ای افق کوروش,4.95E+16,300,IRO1OFOG0001,IRO1OFOG0003,"خرده فروشي،باستثناي وسايل نقليه موتوري",47,2023-08-31T05:43:34.758Z,47,0
1905,انرژی,بورس انرژی ایران,4.96E+16,300,IRO1BENC0001,IRO1BENC0004,فعاليتهاي كمكي به نهادهاي مالي واسط,67,2023-08-31T05:43:34.915Z,94,0
1911,حشکوه,دلیجان طلایی شکوه پارس,5.06E+16,309,IRO7DLIP0001,IRO7DLIP0009,"حمل ونقل، انبارداري و ارتباطات",60,2023-08-31T05:43:35.298Z,60,0
1919,فن آوا,گروه فن آوا,5.52E+16,309,IRO7FANP0001,IRO7FANP0003,رايانه و فعاليت‌هاي وابسته به آن,72,2023-08-31T05:43:35.835Z,72,0
1921,پرسپولیس,پرسپولیس,5.53E+16,309,IRO7PSPP0001,IRO7PSPP0009,فعاليتهاي فرهنگي و ورزشي,93,2023-08-31T05:43:35.979Z,93,0
1925,حاریا,کشتیرانی آریا,5.68E+16,309,IRO7ARAP0001,IRO7ARAP0004,حمل و نقل آبي,61,2023-08-31T05:43:36.211Z,61,0
1927,پلاسک,پلاسکوکار,5.77E+16,300,IRO1PLKK0001,IRO1PLKK0002,لاستيك و پلاستيك,25,2023-08-31T05:43:36.376Z,25,0
1929,سمتاز,سیمان ممتازان کرمان,5.80E+16,309,IRO7CMKP0001,IRO7CMKP0005,"سيمان، آهك و گچ",53,2023-08-31T05:43:36.550Z,53,0
1933,لوتوس,تامین سرمایه لوتوس پارسیان,5.91E+16,300,IRO1LTOS0001,IRO1LTOS0006,فعاليتهاي كمكي به نهادهاي مالي واسط,67,2023-08-31T05:43:36.852Z,67,0
1935,پرداخت,به پرداخت ملت,5.96E+16,300,IRO1PRKT0001,IRO1PRKT0007,رايانه و فعاليت‌هاي وابسته به آن,72,2023-08-31T05:43:36.979Z,72,0
1937,بهیر,س. توسعه تجارت هیرمند,6.03E+16,309,IRO7HIRP0001,IRO7HIRP0009,سرمايه گذاريها,56,2023-08-31T05:43:37.120Z,56,0
1939,وهنر,گروه توسعه هنر ایران,6.08E+16,309,IRO7IADP0001,IRO7IADP0002,"فعاليت هاي هنري، سرگرمي و خلاقانه",90,2023-08-31T05:43:37.283Z,90,0
1941,غپونه,نوش پونه مشهد,6.20E+16,303,IRO3NPMP0001,IRO3NPMP0001,محصولات غذايي و آشاميدني به جز قند و شكر,42,2023-08-31T05:43:37.569Z,42,0
1943,بکابل,سیم و کابل ابهر,6.21E+16,303,IRO3ABCZ0001,IRO3ABCZ0002,ماشين آلات و دستگاه‌هاي برقي,31,2023-08-31T05:43:37.693Z,31,0
1951,شزنگ,تجهیزنیرویزنگان‌,6.55E+16,309,IRO7ZNGP0001,IRO7ZNGP0003,"فراورده هاي نفتي، كك و سوخت هسته اي",23,2023-08-31T05:43:38.226Z,23,0
1955,دتوزیع,توزیع دارو پخش,6.67E+16,303,IRO3DPDZ0001,IRO3DPDZ0002,مواد و محصولات دارويي,43,2023-08-31T05:43:38.484Z,43,0
1957,سخزر,سیمان‌ خزر,6.73E+16,300,IRO1SKAZ0001,IRO1SKAZ0005,"سيمان، آهك و گچ",53,2023-08-31T05:43:38.617Z,53,0
1959,وتوس,توسعه‌شهریتوس‌گستر,6.81E+16,300,IRO1TGOS0001,IRO1TGOS0003,"انبوه سازي، املاك و مستغلات",70,2023-08-31T05:43:38.741Z,70,0
1965,ددانا,داروسازی دانا,6.95E+16,303,IRO3DPHZ0001,IRO3DPHZ0008,مواد و محصولات دارويي,43,2023-08-31T05:43:39.195Z,43,0
1971,شپترو,پتروشیمی آبادان,7.20E+16,309,IRO7APTP0001,IRO7APTP0005,محصولات شيميايي,44,2023-08-31T05:43:39.601Z,44,0
1914,افرا,افرانت,5.28E+16,303,IRO3AFRZ0001,IRO3AFRZ0001,رايانه و فعاليت‌هاي وابسته به آن,72,2023-08-31T05:43:35.518Z,72,0
1924,لسرما,سرما آفرین‌,5.59E+16,300,IRO1SRMA0001,IRO1SRMA0003,ماشين آلات و تجهيزات,29,2023-08-31T05:43:36.153Z,29,0
1928,والبر,سرمایه‌ گذاری البرز(هلدینگ‌,5.79E+16,300,IRO1ALBZ0001,IRO1ALBZ0003,مواد و محصولات دارويي,43,2023-08-31T05:43:36.467Z,43,0
1930,خکرمان,سرمایه گذاری آرمان گستر پاریز,5.85E+16,303,IRO3KKHP0001,IRO3KKHP0006,خودرو و ساخت قطعات,34,2023-08-31T05:43:36.629Z,34,0
1932,ومعادن,توسعه‌معادن‌وفلزات‌,5.89E+16,300,IRO1MADN0001,IRO1MADN0004,استخراج كانه هاي فلزي,13,2023-08-31T05:43:36.791Z,13,0
1934,وپترو,سرمایه‌گذاری صنایع پتروشیمی,5.95E+16,300,IRO1PETR0001,IRO1PETR0005,محصولات شيميايي,44,2023-08-31T05:43:36.916Z,44,0
1936,شسم,تولید سموم‌ علف‌ کش,5.98E+16,309,IRO7TSAP0001,IRO7TSAP0002,محصولات شيميايي,44,2023-08-31T05:43:37.052Z,44,0
1948,ساذری,آذریت‌,6.42E+16,309,IRO7AZRP0001,IRO7AZRP0005,ساير محصولات كاني غيرفلزي,54,2023-08-31T05:43:38.026Z,54,0
1950,فجوش,جوش‌ و اکسیژن‌ ایران‌,6.45E+16,309,IRO7JSHP0001,IRO7JSHP0007,ساخت محصولات فلزي,28,2023-08-31T05:43:38.168Z,28,0
1952,کتوکا,تولیدی و خدمات صنایع نسوز توکا,6.57E+16,303,IRO3TUKZ0001,IRO3TUKZ0008,ساير محصولات كاني غيرفلزي,54,2023-08-31T05:43:38.286Z,54,0
1954,ددام,داروسازی زاگرس فارمد پارس,6.65E+16,300,IRO1DAML0001,IRO1DAML0006,مواد و محصولات دارويي,43,2023-08-31T05:43:38.426Z,43,0
1956,رمپنا,گروه مپنا (سهامی عام),6.71E+16,300,IRO1MAPN0001,IRO1MAPN0000,خدمات فني و مهندسي,74,2023-08-31T05:43:38.548Z,74,0
2187,وثخوز,سرمایه گذاری و توسعه خوزستان,4.00E+16,309,IRO7CKHP0001,IRO7CKHP0002,"انبوه سازي، املاك و مستغلات",70,2023-10-17T18:01:09.418Z,70,0
2189,کاریز2,بیمه زندگی کاریزما50%تادیه,6.30E+16,309,IRO7CMIZ0002,IRO7CMIZ0007,بيمه وصندوق بازنشستگي به جزتامين اجتماعي,66,2023-10-17T18:01:10.803Z,66,0
2190,وامین,س.امین توان آفرین ساز,4.37E+15,303,IRO3ATAP0001,IRO3ATAP0006,سرمايه گذاريها,56,2023-10-17T18:01:12.977Z,56,0
2192,تنوین,تامین سرمایه نوین,2.54E+16,300,IRO1TNOV0001,IRO1TNOV0009,فعاليتهاي كمكي به نهادهاي مالي واسط,67,2023-10-17T18:01:15.393Z,67,0
2207,تکاردان2,تامین سرمایه کاردان,7.03E+16,300,IRO1KRDN0002,IRO1KRDN0007,فعاليتهاي كمكي به نهادهاي مالي واسط,67,2023-10-17T18:01:39.545Z,67,0
2212,شکربن2,کربن‌ ایران‌,6.49E+16,300,IRO1CRBN0002,IRO1CRBN0009,محصولات شيميايي,44,2023-10-17T18:01:48.542Z,44,0
2215,سقاین,سیمان‌ قائن‌,6.07E+16,300,IRO1SGEN0001,IRO1SGEN0001,"سيمان، آهك و گچ",53,2023-10-17T18:02:01.158Z,53,0
2191,شفارا,پتروشیمی فارابی,1.67E+16,309,IRO7FAPP0001,IRO7FAPP0001,محصولات شيميايي,44,2023-10-17T18:01:14.279Z,44,0
2200,سفارس2,سیمان فارس و خوزستان,3.64E+16,300,IRO1SFKZ0002,IRO1SFKZ0000,"سيمان، آهك و گچ",53,2023-10-17T18:01:25.539Z,53,0
2213,تپولا,مهندسی مرآت پولاد,2.23E+16,309,IRO7TPOP0001,IRO7TPOP0009,خدمات فني و مهندسي,74,2023-10-17T18:01:50.966Z,74,0
2219,وبهمن2,سرمایه‌گذاریبهمن‌,6.98E+16,300,IRO1SBAH0002,IRO1SBAH0008,سرمايه گذاريها,56,2023-10-17T18:02:04.773Z,56,0
2220,سخزر2,سیمان‌ خزر,4.10E+16,300,IRO1SKAZ0002,IRO1SKAZ0005,"سيمان، آهك و گچ",53,2023-10-17T18:02:07.678Z,53,0
2222,بهپاک,صنعتی بهپاک,1.27E+16,303,IRO3BHPZ0001,IRO3BHPZ0000,محصولات غذايي و آشاميدني به جز قند و شكر,42,2023-10-17T18:02:12.680Z,42,0
2223,غمایه,شرکت خمیرمایه رضوی,5.95E+16,303,IRO3RAVZ0001,IRO3RAVZ0001,محصولات غذايي و آشاميدني به جز قند و شكر,42,2023-10-17T18:02:13.761Z,42,0
2224,غمارگ,مارگارین,2.15E+16,309,IRO7MRGN0001,IRO7MRGN0006,محصولات غذايي و آشاميدني به جز قند و شكر,42,2023-10-17T18:02:16.251Z,42,0
2233,تاصیکو,سرمایه گذاری صدرتامین,2.33E+16,300,IRO1SADR0001,IRO1SADR0004,استخراج كانه هاي فلزي,13,2023-10-17T18:02:24.782Z,13,0
2238,غگیلا2,شیرپاستوریزه پگاه گیلان,5.56E+16,303,IRO3PEGZ0002,IRO3PEGZ0008,محصولات غذايي و آشاميدني به جز قند و شكر,42,2023-10-17T18:02:29.841Z,42,0
2240,سیمرغ2,سیمرغ,4.76E+16,300,IRO1SMRG0002,IRO1SMRG0007,زراعت و خدمات وابسته,1,2023-10-17T18:02:32.585Z,1,0
2245,قنقش,قند نقش جهان,3.05E+15,309,IRO7NJSP0001,IRO7NJSP0009,قند و شكر,38,2023-10-17T18:02:35.901Z,38,0
2246,زقیام,کشت و دام قیام اصفهان,7.13E+16,303,IRO3GAHZ0001,IRO3GAHZ0002,زراعت و خدمات وابسته,1,2023-10-17T18:02:37.331Z,1,0
2247,حپرتو,پرتو بار فرابر خلیج فارس,4.89E+15,303,IRO3PBFZ0001,IRO3PBFZ0002,"حمل ونقل، انبارداري و ارتباطات",60,2023-10-17T18:02:37.722Z,60,0
2250,پکویر,کویر تایر,7.24E+15,300,IRO1KVRZ0001,IRO1KVRZ0001,لاستيك و پلاستيك,25,2023-10-17T18:02:41.123Z,25,0
2254,شیران2,س. صنایع‌شیمیاییایران,5.98E+16,300,IRO1SSIN0002,IRO1SSIN0003,محصولات شيميايي,44,2023-10-17T18:02:45.417Z,44,0
2258,شبریز2,پالایش نفت تبریز,2.98E+16,300,IRO1PNTB0002,IRO1PNTB0002,"فراورده هاي نفتي، كك و سوخت هسته اي",23,2023-10-17T18:02:49.086Z,23,0
2259,غپآذر2,شیر پگاه آذربایجان شرقی,5.64E+16,303,IRO3GHPZ0002,IRO3GHPZ0005,محصولات غذايي و آشاميدني به جز قند و شكر,42,2023-10-17T18:02:49.992Z,42,0
2262,شتران2,پالایش نفت تهران,2.37E+16,300,IRO1PTEH0002,IRO1PTEH0007,"فراورده هاي نفتي، كك و سوخت هسته اي",23,2023-10-17T18:02:54.570Z,23,0
2266,وسنا,سرمایه گذاری نیروگاهی ایران,2.47E+16,309,IRO7SNAP0001,IRO7SNAP0008,سرمايه گذاريها,56,2023-10-17T18:02:59.398Z,56,0
2273,ثعتما,س. ساختمانی اعتماد گستر,6.47E+16,309,IRO7ETMP0001,IRO7ETMP0004,"انبوه سازي، املاك و مستغلات",70,2023-10-17T18:03:06.894Z,70,0
2280,پارس2,پتروشیمی پارس,2.74E+16,300,IRO1PARS0002,IRO1PARS0000,محصولات شيميايي,44,2023-10-17T18:03:15.123Z,44,0
2300,فجر2,فولاد امیرکبیرکاشان,3.40E+16,300,IRO1FAJR0002,IRO1FAJR0003,فلزات اساسي,27,2023-10-17T18:04:01.248Z,27,0
2307,اردستان,سیمان اردستان,3.53E+16,300,IRO1ARDS0001,IRO1ARDS0004,"سيمان، آهك و گچ",53,2023-10-17T18:04:08.893Z,53,0
2333,فوکا,فولاد کاویان,6.65E+16,309,IRO7FVAP0001,IRO7FVAP0003,فلزات اساسي,27,2023-10-17T18:04:54.462Z,27,0
2351,ومشان,س. فنی و مهندسی مشانیر,3.54E+16,309,IRO7IFMP0001,IRO7IFMP0006,سرمايه گذاريها,56,2023-10-17T18:05:14.660Z,56,0
2353,شغدیر2,پتروشیمی غدیر,4.89E+16,300,IRO1PGDR0002,IRO1PGDR0001,محصولات شيميايي,44,2023-10-17T18:05:16.973Z,44,0
2354,سرود2,سیمان‌شاهرود,6.10E+16,300,IRO1SROD0002,IRO1SROD0008,"سيمان، آهك و گچ",53,2023-10-17T18:05:17.592Z,53,0
2271,دلر2,داروسازی اکسیر,6.10E+16,300,IRO1EXIR0002,IRO1EXIR0008,مواد و محصولات دارويي,43,2023-10-17T18:03:05.543Z,43,0
2275,فولاژ2,فولاد آلیاژی ایران,3.10E+15,300,IRO1FAIR0002,IRO1FAIR0004,فلزات اساسي,27,2023-10-17T18:03:07.873Z,27,0
2283,وآذر2,سرمایه‌گذاریتوسعه‌آذربایجان‌,4.81E+16,300,IRO1TAZB0002,IRO1TAZB0005,"انبوه سازي، املاك و مستغلات",70,2023-10-17T18:03:18.027Z,70,0
2291,بازرگام,پست پیشگامان بادپا,4.78E+16,309,IRO7BZGP0001,IRO7BZGP0007,اطلاعات و ارتباطات,73,2023-10-17T18:03:29.613Z,73,0
2296,وکغدیر2,بین المللی توسعه ص. معادن غدیر,6.15E+16,300,IRO1TMGD0002,IRO1TMGD0002,شركتهاي چند رشته اي صنعتي,39,2023-10-17T18:03:55.433Z,39,0
2302,فافزا,فولاد افزا سپاهان,6.60E+16,309,IRO7FAFP0001,IRO7FAFP0003,فلزات اساسي,27,2023-10-17T18:04:02.175Z,27,0
2303,لکما,کارخانجات‌مخابراتیایران‌,4.56E+16,309,IRO7KMOP0001,IRO7KMOP0001,ساخت دستگاه‌ها و وسايل ارتباطي,32,2023-10-17T18:04:02.724Z,32,0
2304,کترام,تولیدی کاشی تکسرام‌,2.41E+16,300,IRO1TKSM0001,IRO1TKSM0009,كاشي و سراميك,49,2023-10-17T18:04:04.883Z,49,0
2306,شپدیس2,پتروشیمی پردیس,1.22E+16,300,IRO1PRDZ0002,IRO1PRDZ0008,محصولات شيميايي,44,2023-10-17T18:04:06.165Z,44,0
2313,غدانه,پنبه و دانه های روغنی خراسان,8.23E+15,303,IRO3KCOZ0001,IRO3KCOZ0005,محصولات غذايي و آشاميدني به جز قند و شكر,42,2023-10-17T18:04:20.220Z,42,0
2340,شمواد,تولید مواداولیه الیاف مصنوعی,2.83E+16,309,IRO7MFMP0001,IRO7MFMP0000,محصولات شيميايي,44,2023-10-17T18:05:00.884Z,44,0
2346,گدنا2,تهیه توزیع غذای دنا آفرین فدک,1.79E+15,303,IRO3DCAZ0002,IRO3DCAZ0000,هتل و رستوران,55,2023-10-17T18:05:07.162Z,55,0
2348,غچین,کشت‌ و صنعت‌ چین‌ چین,4.49E+16,300,IRO1CHCH0001,IRO1CHCH0008,محصولات غذايي و آشاميدني به جز قند و شكر,42,2023-10-17T18:05:11.610Z,42,0
2379,تاپیکو2,س. نفت و گاز و پتروشیمی تأمین,2.07E+16,300,IRO1PTAP0002,IRO1PTAP0001,محصولات شيميايي,44,2023-10-17T18:05:45.433Z,44,0
2358,کمرجان,بازرگانی و تولیدی مرجان کار,5.06E+16,303,IRO3MRJZ0001,IRO3MRJZ0003,ساير محصولات كاني غيرفلزي,54,2023-10-17T18:05:26.300Z,54,0
2359,ستران,سیمان‌ تهران‌,3.08E+16,300,IRO1STEH0001,IRO1STEH0004,"سيمان، آهك و گچ",53,2023-10-17T18:05:27.020Z,53,0
1054,غگز,گز سکه,5.76E+16,313,IRO5GSKS0001,IRO5GSKS0004,محصولات غذايي و آشاميدني به جز قند و شكر,42,15:55.3,42,0
1099,فصبا,صبا فولاد خلیج فارس,2.36E+16,303,IRO3SBLZ0001,IRO3SBLZ0001,فلزات اساسي,27,16:04.3,27,0
1181,فنر,پارس فنر,2.73E+16,303,IRO3PSFZ0001,IRO3PSFZ0003,خودرو و ساخت قطعات,34,16:32.6,34,0
1524,فماک,ماداکتو استیل کرد,3.54E+16,313,IRO5MSCS0001,IRO5MSCS0006,فلزات اساسي,27,18:26.1,27,0
1531,نخریس,نخریسی و نساجی خسروی خراسان,4.69E+16,303,IRO3NAKZ0001,IRO3NAKZ0008,منسوجات,17,18:28.4,17,0
1773,بپردیس,بیمه پردیس 50% تادیه,4.88E+16,309,IRO7PDSZ0001,IRO7PDSZ0001,بيمه وصندوق بازنشستگي به جزتامين اجتماعي,66,19:49.1,66,0
1787,شگستر,گسترش سوخت سبززاگرس(سهامی عام),2.47E+16,300,IRO1SHGS0001,IRO1SHGS0003,محصولات شيميايي,44,19:53.8,44,0
1912,شفام,تولیدی و صنعتی گوهرفام,1.14E+16,303,IRO3GOFZ0001,IRO3GOFZ0008,محصولات شيميايي,44,20:35.1,44,0
1915,کرومیت,توسعه معادن کرومیت کاوندگان,4.96E+16,303,IRO3KVNZ0001,IRO3KVNZ0003,استخراج كانه هاي فلزي,13,20:36.1,13,0
2034,اتکاسا,بیمه اتکایی سامان,6.86E+16,309,IRO7SREP0001,IRO7SREP0000,بيمه وصندوق بازنشستگي به جزتامين اجتماعي,66,21:16.4,66,0
2060,غنیلی,مجتمع تولیدی نیلی صنعت کرمان,2.14E+16,313,IRO5NSKS0001,IRO5NSKS0005,محصولات غذايي و آشاميدني به جز قند و شكر,42,21:24.7,42,0
2143,داتام,گروه مالی داتام,6.89E+16,300,IRO1DTAM0001,IRO1DTAM0008,سرمايه گذاريها,56,21:52.7,56,0
2220,آردینه,نشاسته و گلوکز آردینه,9.96E+15,303,IRO3ARDZ0001,IRO3ARDZ0003,محصولات غذايي و آشاميدني به جز قند و شكر,42,22:18.9,42,0
2241,شگامرن,مجتمع پترو صنعت گامرون,1.05E+15,313,IRO5PSGS0001,IRO5PSGS0009,محصولات شيميايي,44,22:25.9,44,0
2452,معین,بیمه ایران - معین,2.43E+16,303,IRO3MONZ0001,IRO3MONZ0000,بيمه وصندوق بازنشستگي به جزتامين اجتماعي,66,12:42.8,66,0
2807,خنور,نورایستا پلاستیک,3.37E+16,303,IRO3NIPZ0001,IRO3NIPZ0005,خودرو و ساخت قطعات,34,06:13.4,34,0
